{"type":"FeatureCollection","name":"hanoi_wards_2025","features":[{"type":"Feature","properties":{"ward_id":"09877","ward":"An Khánh","unit_type":"Xã","area_km2_source":28.69,"population_source":102136,"density_source":3559.99,"center_lon_source":105.70884,"center_lat_source":20.97918,"admin_geography_version":"Hanoi wards/communes effective 2025-07-01"},"geometry":{"type":"MultiPolygon","coordinates":[[[[105.73028,20.99109],[105.72995,20.99172],[105.73568,20.9933],[105.73052,21.01066],[105.716,21.01072],[105.68858,21.00485],[105.66403,21.00253],[105.66697,20.99867],[105.66744,20.99608],[105.66705,20.99052],[105.66593,20.98627],[105.66507,20.98574],[105.66532,20.9826],[105.66776,20.98195],[105.67327,20.98463],[105.67457,20.98651],[105.67589,20.98609],[105.68348,20.97651],[105.68488,20.9764],[105.68496,20.97543],[105.68733,20.97465],[105.68388,20.97026],[105.68532,20.96912],[105.68913,20.97254],[105.68899,20.97433],[105.69526,20.9783],[105.69974,20.97776],[105.70928,20.9727],[105.71269,20.96918],[105.71563,20.96285],[105.72508,20.95542],[105.73043,20.9608],[105.73164,20.95961],[105.73789,20.96328],[105.739,20.96366],[105.73961,20.96248],[105.74285,20.9642],[105.74242,20.96506],[105.74116,20.96453],[105.74055,20.96588],[105.74194,20.96737],[105.73915,20.96988],[105.73938,20.97118],[105.73854,20.9727],[105.74065,20.97484],[105.73782,20.9857],[105.73515,20.9863],[105.73292,20.99059],[105.73062,20.99049],[105.73028,20.99109]]]]}},{"type":"Feature","properties":{"ward_id":"00004","ward":"Ba Đình","unit_type":"Phường","area_km2_source":2.97,"population_source":65023,"density_source":21893.27,"center_lon_source":105.83521,"center_lat_source":21.03984,"admin_geography_version":"Hanoi wards/communes effective 2025-07-01"},"geometry":{"type":"MultiPolygon","coordinates":[[[[105.84837,21.04247],[105.8402,21.05064],[105.83968,21.0504],[105.83785,21.04734],[105.83672,21.04683],[105.83525,21.04183],[105.83133,21.04181],[105.82869,21.03963],[105.82735,21.0398],[105.82662,21.03728],[105.82801,21.03716],[105.828,21.03616],[105.82787,21.0347],[105.82711,21.03476],[105.82701,21.03222],[105.82902,21.0325],[105.84215,21.02871],[105.84464,21.03925],[105.85001,21.0409],[105.84837,21.04247]]]]}},{"type":"Feature","properties":{"ward_id":"09700","ward":"Ba Vì","unit_type":"Xã","area_km2_source":81.27,"population_source":26651,"density_source":327.93,"center_lon_source":105.34652,"center_lat_source":21.05174,"admin_geography_version":"Hanoi wards/communes effective 2025-07-01"},"geometry":{"type":"MultiPolygon","coordinates":[[[[105.38748,21.02444],[105.38748,21.02444],[105.38748,21.02443],[105.38748,21.02444]]],[[[105.33751,21.11274],[105.33416,21.11226],[105.32626,21.11401],[105.32378,21.11106],[105.3201,21.11081],[105.31912,21.10129],[105.31685,21.09309],[105.31438,21.08837],[105.30695,21.08028],[105.30381,21.07567],[105.29467,21.05674],[105.29348,21.05057],[105.29788,21.0332],[105.30499,21.02267],[105.31641,21.01365],[105.31985,21.0183],[105.32067,21.01759],[105.32049,21.01833],[105.32205,21.01859],[105.32023,21.02028],[105.32376,21.0204],[105.32427,21.02152],[105.3257,21.0211],[105.32737,21.0238],[105.32878,21.02413],[105.33137,21.02238],[105.33114,21.02121],[105.32983,21.02039],[105.32876,21.01665],[105.3278,21.01709],[105.32667,21.01644],[105.32689,21.01456],[105.32776,21.01389],[105.32679,21.01311],[105.32659,21.0113],[105.32547,21.01125],[105.32514,21.01031],[105.32607,21.01009],[105.32552,21.00972],[105.32644,21.0095],[105.32648,21.00875],[105.32775,21.00923],[105.3295,21.00803],[105.33087,21.00872],[105.33361,21.00853],[105.33515,21.00941],[105.33429,21.01077],[105.33541,21.01171],[105.33839,21.01201],[105.33891,21.01344],[105.34308,21.01272],[105.34598,21.01307],[105.34777,21.01416],[105.34942,21.01256],[105.35101,21.00902],[105.35344,21.00724],[105.35907,21.00898],[105.36603,21.01256],[105.372,21.01358],[105.37562,21.01505],[105.37888,21.0191],[105.38747,21.02444],[105.38624,21.025],[105.38421,21.02839],[105.38077,21.02998],[105.3782,21.0348],[105.37664,21.03516],[105.3816,21.08247],[105.37869,21.08465],[105.37571,21.0856],[105.37718,21.08794],[105.37763,21.09142],[105.37926,21.09287],[105.37979,21.09462],[105.37916,21.09623],[105.37702,21.09749],[105.37318,21.09396],[105.37131,21.09352],[105.37071,21.09431],[105.37119,21.09678],[105.37439,21.09862],[105.37594,21.10417],[105.37151,21.10724],[105.37302,21.1115],[105.36916,21.10981],[105.36778,21.11006],[105.36766,21.11112],[105.36648,21.10872],[105.36421,21.10908],[105.36145,21.10721],[105.36152,21.10576],[105.35896,21.10084],[105.35537,21.09705],[105.34654,21.10131],[105.34451,21.1046],[105.34438,21.10665],[105.34277,21.10848],[105.34361,21.10968],[105.33751,21.11274]]]]}},{"type":"Feature","properties":{"ward_id":"00292","ward":"Bạch Mai","unit_type":"Phường","area_km2_source":2.95,"population_source":129571,"density_source":43922.37,"center_lon_source":105.85295,"center_lat_source":21.00162,"admin_geography_version":"Hanoi wards/communes effective 2025-07-01"},"geometry":{"type":"MultiPolygon","coordinates":[[[[105.86075,21.00901],[105.84145,21.00772],[105.84129,20.99782],[105.84691,20.99636],[105.8572,20.99517],[105.86227,20.99626],[105.86075,21.00901]]]]}},{"type":"Feature","properties":{"ward_id":"09676","ward":"Bất Bạt","unit_type":"Xã","area_km2_source":56.43,"population_source":40066,"density_source":710.01,"center_lon_source":105.33649,"center_lat_source":21.15223,"admin_geography_version":"Hanoi wards/communes effective 2025-07-01"},"geometry":{"type":"MultiPolygon","coordinates":[[[[105.37449,21.17152],[105.37334,21.17407],[105.37272,21.18071],[105.37383,21.18645],[105.36885,21.19155],[105.36917,21.1986],[105.35628,21.19964],[105.35258,21.2022],[105.35081,21.20694],[105.34731,21.20737],[105.34397,21.20735],[105.33751,21.2011],[105.32916,21.20411],[105.32538,21.2034],[105.30276,21.19074],[105.29204,21.17197],[105.28961,21.17312],[105.28535,21.17188],[105.28596,21.16118],[105.29474,21.1478],[105.30725,21.13444],[105.31001,21.12887],[105.319,21.11497],[105.3201,21.11081],[105.32248,21.11066],[105.32422,21.11139],[105.32609,21.11398],[105.32975,21.11329],[105.331,21.11691],[105.33012,21.11819],[105.33086,21.12016],[105.32151,21.12742],[105.31969,21.13141],[105.32001,21.13265],[105.31833,21.13451],[105.32081,21.13676],[105.32241,21.13714],[105.31972,21.13911],[105.31876,21.14224],[105.32231,21.14323],[105.32399,21.14507],[105.32493,21.14452],[105.32605,21.14538],[105.3267,21.1447],[105.3272,21.14574],[105.32928,21.14547],[105.32891,21.14701],[105.3321,21.14993],[105.33239,21.1486],[105.33689,21.14629],[105.33609,21.14408],[105.33804,21.14191],[105.33951,21.14275],[105.34128,21.14149],[105.34588,21.14568],[105.34734,21.1428],[105.34944,21.14095],[105.35173,21.14162],[105.35393,21.14079],[105.35601,21.13928],[105.35652,21.13769],[105.36353,21.13792],[105.36342,21.1399],[105.36621,21.14091],[105.36781,21.14675],[105.37055,21.15031],[105.37072,21.15821],[105.37658,21.16656],[105.37449,21.17152]]]]}},{"type":"Feature","properties":{"ward_id":"00577","ward":"Bát Tràng","unit_type":"Xã","area_km2_source":20.67,"population_source":48987,"density_source":2369.96,"center_lon_source":105.9166,"center_lat_source":20.96368,"admin_geography_version":"Hanoi wards/communes effective 2025-07-01"},"geometry":{"type":"MultiPolygon","coordinates":[[[[105.94769,20.97763],[105.93895,20.9896],[105.91796,21.01224],[105.90175,20.99346],[105.90836,20.98835],[105.90755,20.97718],[105.8997,20.96296],[105.89026,20.95168],[105.88743,20.9465],[105.88197,20.93949],[105.88055,20.93533],[105.88051,20.93178],[105.88262,20.93005],[105.8867,20.92876],[105.89822,20.92923],[105.90871,20.92692],[105.91477,20.93733],[105.9117,20.93876],[105.91,20.94216],[105.90309,20.94718],[105.90514,20.95079],[105.90649,20.95802],[105.90726,20.9581],[105.90803,20.96153],[105.91205,20.96902],[105.91233,20.97089],[105.91319,20.9708],[105.91301,20.97369],[105.91417,20.97371],[105.91481,20.97484],[105.91835,20.97508],[105.91849,20.97575],[105.91982,20.9757],[105.92031,20.97465],[105.92237,20.97467],[105.92251,20.97571],[105.92431,20.97577],[105.9244,20.97458],[105.93,20.97262],[105.93235,20.9736],[105.93625,20.96983],[105.9385,20.97021],[105.93978,20.96795],[105.94765,20.96928],[105.94856,20.96699],[105.95185,20.96659],[105.95235,20.96783],[105.95311,20.96773],[105.94769,20.97763]]]]}},{"type":"Feature","properties":{"ward_id":"10126","ward":"Bình Minh","unit_type":"Xã","area_km2_source":29.86,"population_source":80066,"density_source":2681.38,"center_lon_source":105.76595,"center_lat_source":20.91,"admin_geography_version":"Hanoi wards/communes effective 2025-07-01"},"geometry":{"type":"MultiPolygon","coordinates":[[[[105.79786,20.93865],[105.79651,20.93929],[105.79273,20.9385],[105.78834,20.93912],[105.78807,20.93799],[105.78621,20.938],[105.78592,20.93564],[105.7836,20.93502],[105.78379,20.92787],[105.77868,20.92831],[105.77714,20.93],[105.77264,20.92654],[105.77427,20.9245],[105.771,20.92215],[105.76784,20.92557],[105.76654,20.92405],[105.76025,20.92848],[105.76216,20.92996],[105.7596,20.93171],[105.75786,20.92998],[105.75769,20.93213],[105.75625,20.93173],[105.75707,20.92952],[105.75587,20.9292],[105.75461,20.93071],[105.75395,20.92971],[105.75216,20.93056],[105.75136,20.92836],[105.75002,20.9289],[105.74906,20.92614],[105.75079,20.92583],[105.75129,20.92329],[105.75039,20.92314],[105.75081,20.92076],[105.74871,20.92041],[105.74963,20.91648],[105.74207,20.91526],[105.7421,20.91356],[105.7407,20.91237],[105.73661,20.91414],[105.73636,20.9119],[105.73075,20.90739],[105.72665,20.89969],[105.72264,20.89526],[105.72271,20.89394],[105.72515,20.89307],[105.73324,20.89359],[105.7363,20.89188],[105.7385,20.88842],[105.73921,20.88572],[105.73913,20.88103],[105.73793,20.87575],[105.73918,20.87395],[105.74056,20.87503],[105.74098,20.87421],[105.74315,20.8748],[105.74553,20.87383],[105.74616,20.87525],[105.74791,20.87522],[105.74905,20.87388],[105.75191,20.87732],[105.7518,20.87422],[105.75989,20.87477],[105.7675,20.86983],[105.7684,20.87434],[105.77192,20.87756],[105.77079,20.87916],[105.77292,20.88746],[105.7735,20.8874],[105.77449,20.89036],[105.77539,20.89034],[105.77573,20.89137],[105.78065,20.89087],[105.78195,20.89245],[105.78261,20.89207],[105.78276,20.89309],[105.78524,20.89253],[105.78532,20.89903],[105.78717,20.89942],[105.78641,20.90014],[105.78713,20.90021],[105.7874,20.90185],[105.78571,20.90231],[105.78611,20.90597],[105.78826,20.91504],[105.7903,20.91717],[105.78953,20.91987],[105.79173,20.92148],[105.79082,20.92434],[105.79143,20.92658],[105.79772,20.93085],[105.79917,20.93415],[105.80149,20.93418],[105.80151,20.93554],[105.80001,20.93551],[105.79827,20.93688],[105.79932,20.93852],[105.79786,20.93865]]]]}},{"type":"Feature","properties":{"ward_id":"00118","ward":"Bồ Đề","unit_type":"Phường","area_km2_source":12.94,"population_source":120028,"density_source":9275.73,"center_lon_source":105.86516,"center_lat_source":21.05982,"admin_geography_version":"Hanoi wards/communes effective 2025-07-01"},"geometry":{"type":"MultiPolygon","coordinates":[[[[105.86426,21.0666],[105.86095,21.06827],[105.84596,21.07978],[105.84162,21.08111],[105.84244,21.07742],[105.85166,21.06721],[105.86139,21.05115],[105.86224,21.04903],[105.86238,21.03898],[105.8669,21.02085],[105.88137,21.03301],[105.8907,21.05185],[105.88355,21.05942],[105.88041,21.06766],[105.87807,21.07121],[105.86948,21.06677],[105.86426,21.0666]]]]}},{"type":"Feature","properties":{"ward_id":"00166","ward":"Cầu Giấy","unit_type":"Phường","area_km2_source":3.74,"population_source":74516,"density_source":19924.06,"center_lon_source":105.79112,"center_lat_source":21.03289,"admin_geography_version":"Hanoi wards/communes effective 2025-07-01"},"geometry":{"type":"MultiPolygon","coordinates":[[[[105.79361,21.03773],[105.79047,21.04019],[105.79046,21.04163],[105.78103,21.0418],[105.77861,21.02418],[105.77948,21.02116],[105.78217,21.01767],[105.79386,21.02604],[105.79761,21.02502],[105.80133,21.03023],[105.79731,21.03386],[105.79764,21.03904],[105.79478,21.03936],[105.79485,21.03769],[105.79361,21.03773]]]]}},{"type":"Feature","properties":{"ward_id":"10237","ward":"Chương Dương","unit_type":"Xã","area_km2_source":28.89,"population_source":59973,"density_source":2075.91,"center_lon_source":105.89936,"center_lat_source":20.8412,"admin_geography_version":"Hanoi wards/communes effective 2025-07-01"},"geometry":{"type":"MultiPolygon","coordinates":[[[[105.93265,20.86996],[105.92502,20.87812],[105.92108,20.87073],[105.91922,20.86951],[105.91852,20.86988],[105.91711,20.86782],[105.91643,20.8679],[105.91568,20.86562],[105.91191,20.86574],[105.91118,20.86639],[105.91148,20.86713],[105.90521,20.86854],[105.9052,20.8692],[105.90217,20.86831],[105.90079,20.86067],[105.89813,20.86034],[105.89533,20.85769],[105.89475,20.85163],[105.8912,20.84988],[105.88848,20.85191],[105.88828,20.85099],[105.89133,20.84889],[105.88965,20.84778],[105.89059,20.84239],[105.88846,20.84187],[105.88842,20.84074],[105.88455,20.8403],[105.88487,20.83672],[105.88361,20.83657],[105.88406,20.83384],[105.8769,20.8313],[105.86778,20.83021],[105.86907,20.82001],[105.87261,20.82006],[105.87355,20.81166],[105.87292,20.81164],[105.87304,20.80958],[105.87227,20.80946],[105.87317,20.80239],[105.873,20.79633],[105.88014,20.79458],[105.88321,20.79576],[105.88393,20.79715],[105.88632,20.79772],[105.88438,20.80235],[105.91403,20.8102],[105.91154,20.81783],[105.911,20.82285],[105.91137,20.82979],[105.91292,20.83684],[105.9162,20.84158],[105.91881,20.84384],[105.93033,20.84949],[105.9349,20.85438],[105.93606,20.85915],[105.93582,20.86506],[105.93265,20.86996]]]]}},{"type":"Feature","properties":{"ward_id":"10015","ward":"Chương Mỹ","unit_type":"Phường","area_km2_source":38.9,"population_source":87913,"density_source":2259.97,"center_lon_source":105.69683,"center_lat_source":20.93084,"admin_geography_version":"Hanoi wards/communes effective 2025-07-01"},"geometry":{"type":"MultiPolygon","coordinates":[[[[105.6955,20.96144],[105.69623,20.9641],[105.69522,20.96483],[105.69243,20.96145],[105.69034,20.96233],[105.68753,20.96194],[105.68781,20.96138],[105.68597,20.96086],[105.68647,20.95838],[105.68291,20.95782],[105.68329,20.9552],[105.67967,20.95453],[105.67899,20.95201],[105.67955,20.95148],[105.67866,20.95063],[105.67644,20.95142],[105.66215,20.94903],[105.66274,20.94003],[105.66461,20.94015],[105.66484,20.93473],[105.67011,20.93489],[105.67156,20.93266],[105.67406,20.93271],[105.67307,20.9304],[105.67379,20.92879],[105.67494,20.9288],[105.6754,20.92247],[105.67724,20.92275],[105.67644,20.91724],[105.67268,20.91364],[105.67707,20.90046],[105.67501,20.89948],[105.67515,20.89511],[105.67693,20.89289],[105.67677,20.89081],[105.68067,20.89214],[105.68326,20.88788],[105.68674,20.89064],[105.68748,20.8897],[105.69674,20.8902],[105.69654,20.88887],[105.69774,20.88809],[105.69777,20.88714],[105.70044,20.88734],[105.70139,20.8854],[105.70404,20.88546],[105.70076,20.89581],[105.70068,20.89854],[105.7183,20.89828],[105.72312,20.89585],[105.72665,20.89969],[105.73075,20.90739],[105.73638,20.91224],[105.73622,20.91333],[105.73198,20.91554],[105.73059,20.91807],[105.72995,20.92058],[105.7301,20.92882],[105.72567,20.94074],[105.72325,20.94169],[105.72241,20.93656],[105.72125,20.93521],[105.71921,20.93455],[105.71441,20.93566],[105.71164,20.93887],[105.71164,20.94153],[105.71383,20.9446],[105.725,20.95097],[105.72022,20.95379],[105.71803,20.95383],[105.71497,20.9561],[105.71233,20.95524],[105.70903,20.95766],[105.70731,20.95623],[105.70457,20.95776],[105.70444,20.95689],[105.70088,20.95728],[105.69916,20.95575],[105.69749,20.95675],[105.6964,20.95492],[105.69473,20.95508],[105.69349,20.95664],[105.6955,20.96144]]]]}},{"type":"Feature","properties":{"ward_id":"10330","ward":"Chuyên Mỹ","unit_type":"Xã","area_km2_source":35.54,"population_source":44859,"density_source":1262.21,"center_lon_source":105.88366,"center_lat_source":20.71742,"admin_geography_version":"Hanoi wards/communes effective 2025-07-01"},"geometry":{"type":"MultiPolygon","coordinates":[[[[105.87136,20.76215],[105.86665,20.76271],[105.85845,20.75915],[105.85726,20.7594],[105.85537,20.75777],[105.84959,20.75827],[105.84931,20.75347],[105.85314,20.74801],[105.84885,20.74522],[105.84517,20.74499],[105.84369,20.74204],[105.84572,20.74097],[105.84606,20.7369],[105.85057,20.73754],[105.84975,20.73265],[105.85447,20.73119],[105.85738,20.72485],[105.85469,20.72173],[105.86023,20.71876],[105.86016,20.71477],[105.86373,20.71396],[105.86871,20.70944],[105.87082,20.70895],[105.87349,20.70963],[105.87198,20.70555],[105.8769,20.70362],[105.87744,20.70327],[105.87695,20.7024],[105.88754,20.69627],[105.88721,20.69567],[105.88801,20.69542],[105.88931,20.69188],[105.89154,20.69326],[105.89216,20.692],[105.88786,20.6905],[105.8861,20.68901],[105.88537,20.68952],[105.88423,20.68788],[105.88394,20.68538],[105.88243,20.68506],[105.88342,20.67751],[105.88564,20.67909],[105.88625,20.67559],[105.89391,20.67935],[105.89465,20.67594],[105.90365,20.67106],[105.90545,20.66841],[105.90759,20.66874],[105.91742,20.67432],[105.91806,20.67323],[105.91953,20.6752],[105.91841,20.67654],[105.91835,20.67827],[105.92302,20.68738],[105.91847,20.69553],[105.91104,20.69538],[105.91029,20.7049],[105.91085,20.71148],[105.90639,20.71043],[105.90467,20.71132],[105.90545,20.71272],[105.90424,20.71587],[105.90335,20.71605],[105.90306,20.71497],[105.90232,20.7151],[105.90384,20.71809],[105.90368,20.72215],[105.90075,20.72068],[105.8998,20.72288],[105.89851,20.72231],[105.89719,20.72557],[105.89164,20.7254],[105.89348,20.7314],[105.89107,20.73148],[105.88653,20.72972],[105.88433,20.72782],[105.88319,20.72803],[105.88182,20.73057],[105.8871,20.73633],[105.8889,20.7418],[105.88614,20.74252],[105.88527,20.74098],[105.8837,20.74116],[105.88411,20.74557],[105.88276,20.74819],[105.8754,20.75544],[105.87481,20.75626],[105.87589,20.75654],[105.87577,20.75746],[105.87499,20.75744],[105.87539,20.75895],[105.87136,20.76215]]]]}},{"type":"Feature","properties":{"ward_id":"09634","ward":"Cổ Đô","unit_type":"Xã","area_km2_source":53.25,"population_source":70706,"density_source":1327.81,"center_lon_source":105.39997,"center_lat_source":21.25776,"admin_geography_version":"Hanoi wards/communes effective 2025-07-01"},"geometry":{"type":"MultiPolygon","coordinates":[[[[105.43522,21.28658],[105.42963,21.28898],[105.42035,21.29536],[105.40571,21.29996],[105.39196,21.30567],[105.37516,21.29546],[105.37428,21.29217],[105.36216,21.28493],[105.35702,21.28973],[105.35387,21.27987],[105.35235,21.27006],[105.35249,21.25954],[105.35409,21.25202],[105.35337,21.24524],[105.36089,21.24396],[105.36206,21.24527],[105.36253,21.24433],[105.36708,21.24524],[105.36786,21.24379],[105.36907,21.24378],[105.37073,21.24605],[105.38446,21.23675],[105.38791,21.24014],[105.39121,21.24031],[105.39529,21.23778],[105.40243,21.24139],[105.40416,21.24056],[105.40468,21.24125],[105.40737,21.24144],[105.40746,21.24069],[105.4119,21.24064],[105.41501,21.23837],[105.42537,21.24314],[105.42629,21.24325],[105.42637,21.24255],[105.42933,21.24348],[105.43161,21.24684],[105.43253,21.25043],[105.43325,21.25038],[105.43359,21.2513],[105.43461,21.25107],[105.43501,21.2523],[105.43734,21.25144],[105.44557,21.25176],[105.44319,21.27131],[105.43938,21.28164],[105.43522,21.28658]]]]}},{"type":"Feature","properties":{"ward_id":"00082","ward":"Cửa Nam","unit_type":"Phường","area_km2_source":1.68,"population_source":52751,"density_source":31399.4,"center_lon_source":105.85036,"center_lat_source":21.02411,"admin_geography_version":"Hanoi wards/communes effective 2025-07-01"},"geometry":{"type":"MultiPolygon","coordinates":[[[[105.84267,21.02907],[105.84159,21.02889],[105.84142,21.02056],[105.85411,21.01792],[105.85872,21.01906],[105.86195,21.01853],[105.86,21.02534],[105.85694,21.02443],[105.84357,21.02824],[105.84267,21.02907]]]]}},{"type":"Feature","properties":{"ward_id":"00430","ward":"Đa Phúc","unit_type":"Xã","area_km2_source":55.32,"population_source":83649,"density_source":1512.09,"center_lon_source":105.89594,"center_lat_source":21.24818,"admin_geography_version":"Hanoi wards/communes effective 2025-07-01"},"geometry":{"type":"MultiPolygon","coordinates":[[[[105.89878,21.31728],[105.89619,21.31766],[105.89615,21.317],[105.89341,21.3163],[105.89194,21.31498],[105.89089,21.31554],[105.88758,21.31445],[105.88554,21.31463],[105.88463,21.31343],[105.8815,21.31281],[105.88159,21.31036],[105.88051,21.30793],[105.881,21.30479],[105.87956,21.30301],[105.88011,21.3004],[105.88127,21.29954],[105.8806,21.29862],[105.88175,21.29515],[105.88093,21.29381],[105.88319,21.29358],[105.88486,21.29236],[105.88532,21.29076],[105.88736,21.2887],[105.88617,21.28728],[105.88642,21.28578],[105.88547,21.28546],[105.88658,21.28486],[105.8862,21.28344],[105.88683,21.28238],[105.88458,21.28177],[105.8843,21.27582],[105.88231,21.27599],[105.8816,21.27775],[105.88042,21.27841],[105.87904,21.27831],[105.87892,21.27753],[105.87933,21.27513],[105.88088,21.27643],[105.88184,21.27534],[105.88104,21.27177],[105.88333,21.26812],[105.88311,21.26647],[105.88454,21.26425],[105.88401,21.26215],[105.88468,21.2617],[105.88557,21.26305],[105.88554,21.25895],[105.88465,21.25854],[105.8849,21.25605],[105.88429,21.25557],[105.88527,21.2519],[105.88752,21.24828],[105.8873,21.24694],[105.88573,21.24539],[105.88453,21.24592],[105.88371,21.24451],[105.88278,21.24498],[105.88105,21.24431],[105.88051,21.24131],[105.8749,21.24214],[105.8736,21.24311],[105.87281,21.23911],[105.87008,21.2388],[105.86895,21.2354],[105.86397,21.23293],[105.86204,21.23406],[105.86184,21.22834],[105.86607,21.22569],[105.87276,21.2242],[105.87247,21.22242],[105.87857,21.21932],[105.88307,21.21814],[105.88377,21.21984],[105.88567,21.21885],[105.88547,21.21703],[105.8843,21.21621],[105.88477,21.21357],[105.88251,21.2122],[105.8828,21.21078],[105.88165,21.21113],[105.88069,21.21039],[105.88104,21.20596],[105.87965,21.20411],[105.87986,21.20322],[105.88328,21.20351],[105.88701,21.20583],[105.89122,21.20378],[105.89197,21.20262],[105.89045,21.20085],[105.88617,21.19872],[105.88194,21.18931],[105.87974,21.18834],[105.87695,21.18912],[105.87618,21.18771],[105.8773,21.18666],[105.88079,21.18727],[105.88749,21.19018],[105.88924,21.1853],[105.89244,21.18422],[105.89643,21.18452],[105.89842,21.18297],[105.89848,21.18109],[105.89631,21.17829],[105.89631,21.17701],[105.90148,21.17813],[105.90023,21.18189],[105.90555,21.18289],[105.90704,21.19014],[105.90651,21.19491],[105.90709,21.19667],[105.90922,21.19995],[105.9123,21.20137],[105.91197,21.20184],[105.91376,21.2031],[105.91056,21.20556],[105.90991,21.20714],[105.91573,21.20886],[105.91505,21.21741],[105.91191,21.221],[105.91065,21.22437],[105.90928,21.22495],[105.90545,21.22241],[105.90393,21.22336],[105.90444,21.22735],[105.90542,21.22728],[105.90666,21.2291],[105.90559,21.23037],[105.90589,21.23163],[105.90673,21.23229],[105.90919,21.23148],[105.90934,21.23206],[105.91284,21.23096],[105.91363,21.23208],[105.91514,21.2321],[105.91722,21.2309],[105.91954,21.23098],[105.92079,21.23238],[105.92072,21.23496],[105.92693,21.2383],[105.93038,21.24191],[105.93291,21.2417],[105.93381,21.24281],[105.93351,21.24544],[105.93582,21.24534],[105.93778,21.24349],[105.93906,21.24607],[105.93752,21.24902],[105.93468,21.25198],[105.92983,21.26059],[105.92384,21.26823],[105.92244,21.27242],[105.92232,21.28096],[105.9232,21.28754],[105.92639,21.29012],[105.93075,21.29159],[105.93156,21.29398],[105.92968,21.29531],[105.92369,21.29392],[105.91695,21.29474],[105.91577,21.29666],[105.91766,21.30384],[105.91708,21.30544],[105.91502,21.30527],[105.91119,21.30211],[105.90922,21.3016],[105.90552,21.30181],[105.90173,21.30354],[105.89706,21.30833],[105.89878,21.31728]]]]}},{"type":"Feature","properties":{"ward_id":"00637","ward":"Đại Mỗ","unit_type":"Phường","area_km2_source":8.1,"population_source":80462,"density_source":9933.58,"center_lon_source":105.77444,"center_lat_source":20.99125,"admin_geography_version":"Hanoi wards/communes effective 2025-07-01"},"geometry":{"type":"MultiPolygon","coordinates":[[[[105.78276,21.00234],[105.76278,21.00649],[105.76188,21.00308],[105.76282,21.00066],[105.76221,20.99786],[105.76279,20.99688],[105.75986,20.99193],[105.75261,20.99156],[105.75422,20.98517],[105.76154,20.97967],[105.76414,20.97999],[105.76473,20.9828],[105.76608,20.9828],[105.76593,20.98445],[105.76691,20.98464],[105.76732,20.98332],[105.77159,20.98581],[105.77338,20.98494],[105.77594,20.98552],[105.7807,20.98864],[105.78604,20.98568],[105.79093,20.9852],[105.7924,20.98373],[105.79879,20.98832],[105.79561,20.99165],[105.79024,20.99476],[105.79682,20.99961],[105.79233,21.00518],[105.78715,21.00237],[105.78276,21.00234]]]]}},{"type":"Feature","properties":{"ward_id":"00664","ward":"Đại Thanh","unit_type":"Xã","area_km2_source":18.92,"population_source":92557,"density_source":4892.02,"center_lon_source":105.81232,"center_lat_source":20.93673,"admin_geography_version":"Hanoi wards/communes effective 2025-07-01"},"geometry":{"type":"MultiPolygon","coordinates":[[[[105.80754,20.95731],[105.80429,20.95905],[105.80214,20.95702],[105.80086,20.95825],[105.79816,20.95757],[105.79747,20.95559],[105.79481,20.95474],[105.79397,20.95131],[105.79473,20.95029],[105.79074,20.93917],[105.79273,20.9385],[105.79651,20.93929],[105.79827,20.93828],[105.79891,20.93883],[105.79827,20.93688],[105.80001,20.93551],[105.80151,20.93554],[105.80149,20.93418],[105.79917,20.93415],[105.79772,20.93085],[105.7919,20.92737],[105.79082,20.92451],[105.79173,20.92148],[105.78946,20.91952],[105.79131,20.91518],[105.79457,20.91494],[105.79517,20.91294],[105.7969,20.91188],[105.79812,20.9131],[105.80297,20.91252],[105.80349,20.91066],[105.80521,20.90928],[105.80639,20.9099],[105.80627,20.91144],[105.81239,20.91866],[105.8247,20.92498],[105.82746,20.92234],[105.82865,20.92342],[105.82801,20.92417],[105.83028,20.92626],[105.83129,20.92561],[105.83434,20.92878],[105.83587,20.9291],[105.83609,20.93234],[105.84022,20.93828],[105.8424,20.94325],[105.84412,20.94304],[105.84445,20.94509],[105.84414,20.95117],[105.84283,20.95123],[105.84246,20.9532],[105.84111,20.95424],[105.8358,20.9523],[105.83273,20.95221],[105.82567,20.95646],[105.82122,20.95714],[105.82091,20.95555],[105.81689,20.94953],[105.81268,20.95341],[105.8136,20.95413],[105.80754,20.95731]]]]}},{"type":"Feature","properties":{"ward_id":"10342","ward":"Đại Xuyên","unit_type":"Xã","area_km2_source":51.66,"population_source":74906,"density_source":1449.98,"center_lon_source":105.94792,"center_lat_source":20.70424,"admin_geography_version":"Hanoi wards/communes effective 2025-07-01"},"geometry":{"type":"MultiPolygon","coordinates":[[[[105.95681,20.74311],[105.95345,20.74326],[105.9526,20.74207],[105.94457,20.73897],[105.94469,20.73701],[105.94243,20.7375],[105.94215,20.7351],[105.94477,20.73509],[105.94499,20.73132],[105.94177,20.73143],[105.94019,20.72834],[105.93575,20.7299],[105.93579,20.73145],[105.93166,20.73149],[105.9318,20.73509],[105.92544,20.73511],[105.92145,20.73032],[105.91697,20.73263],[105.9164,20.72979],[105.91434,20.72946],[105.91237,20.73026],[105.91241,20.72897],[105.91177,20.72902],[105.91141,20.73062],[105.91024,20.73067],[105.9095,20.7299],[105.90992,20.72852],[105.90876,20.72927],[105.90601,20.72468],[105.90491,20.72501],[105.90527,20.72196],[105.90462,20.72199],[105.90415,20.71875],[105.90232,20.7151],[105.90306,20.71497],[105.90335,20.71605],[105.90424,20.71587],[105.90545,20.71272],[105.90467,20.71132],[105.90613,20.71047],[105.91085,20.71148],[105.91029,20.7049],[105.91104,20.69538],[105.91847,20.69553],[105.92196,20.6899],[105.92309,20.68688],[105.91835,20.67827],[105.91914,20.67556],[105.93213,20.67985],[105.94352,20.6819],[105.9454,20.67992],[105.94692,20.67585],[105.94662,20.66734],[105.94342,20.66316],[105.94443,20.65643],[105.94813,20.65356],[105.95804,20.65076],[105.95688,20.65604],[105.95791,20.65874],[105.96148,20.66211],[105.96633,20.6646],[105.9775,20.66578],[105.97896,20.67173],[105.97848,20.67383],[105.98477,20.68052],[105.9887,20.68252],[105.99001,20.68458],[105.99042,20.68241],[105.99257,20.68132],[105.99352,20.68251],[105.99478,20.68163],[105.99229,20.67858],[105.99447,20.67719],[105.99748,20.67836],[105.99599,20.68151],[105.994,20.68317],[105.9945,20.68445],[105.99377,20.68409],[105.99182,20.6892],[105.99805,20.69232],[105.99762,20.69312],[105.99818,20.69339],[105.99573,20.69739],[106.0023,20.70146],[106.00319,20.70363],[105.99074,20.70395],[105.97949,20.69953],[105.97508,20.69973],[105.97326,20.70056],[105.96413,20.72495],[105.96808,20.73358],[105.96686,20.7418],[105.95681,20.74311]]]]}},{"type":"Feature","properties":{"ward_id":"10180","ward":"Dân Hòa","unit_type":"Xã","area_km2_source":38.43,"population_source":62755,"density_source":1632.97,"center_lon_source":105.78918,"center_lat_source":20.80871,"admin_geography_version":"Hanoi wards/communes effective 2025-07-01"},"geometry":{"type":"MultiPolygon","coordinates":[[[[105.82238,20.84021],[105.82182,20.8412],[105.81405,20.83957],[105.80404,20.84072],[105.79687,20.83964],[105.7958,20.8362],[105.7986,20.83154],[105.79625,20.83032],[105.797,20.82903],[105.79851,20.82934],[105.79853,20.8283],[105.79578,20.827],[105.79608,20.82643],[105.792,20.82372],[105.7874,20.82433],[105.78743,20.82581],[105.78487,20.82951],[105.78346,20.8286],[105.78524,20.82522],[105.78007,20.82319],[105.77729,20.82332],[105.77359,20.81978],[105.77568,20.81377],[105.77536,20.81222],[105.76904,20.8115],[105.76931,20.81308],[105.76418,20.81954],[105.76291,20.82067],[105.76171,20.81928],[105.761,20.81978],[105.76216,20.82196],[105.75962,20.82245],[105.76023,20.82072],[105.75251,20.82066],[105.7529,20.81809],[105.75516,20.81373],[105.7494,20.8101],[105.74508,20.80556],[105.7427,20.80509],[105.73479,20.80899],[105.73836,20.80052],[105.73838,20.79783],[105.73926,20.79691],[105.73841,20.79315],[105.74155,20.79182],[105.74101,20.78992],[105.74483,20.78787],[105.74833,20.79169],[105.7488,20.7913],[105.75118,20.79245],[105.75309,20.79013],[105.75455,20.79128],[105.7573,20.78727],[105.75949,20.79014],[105.76354,20.78789],[105.76323,20.78704],[105.76449,20.78644],[105.76366,20.78529],[105.76588,20.78244],[105.76694,20.78276],[105.76863,20.78797],[105.77615,20.78782],[105.77686,20.7903],[105.77848,20.79024],[105.78008,20.78882],[105.7816,20.78938],[105.78233,20.79133],[105.78456,20.79166],[105.78587,20.78892],[105.78833,20.78903],[105.79087,20.7861],[105.79571,20.78322],[105.80649,20.78014],[105.81121,20.78734],[105.80831,20.79235],[105.80991,20.79494],[105.80889,20.79673],[105.81039,20.79754],[105.80984,20.79859],[105.81384,20.80183],[105.8185,20.79402],[105.82022,20.79471],[105.82073,20.79503],[105.81689,20.80456],[105.82518,20.80712],[105.82619,20.80554],[105.83151,20.80605],[105.83255,20.80033],[105.83675,20.80022],[105.83673,20.80494],[105.83861,20.80493],[105.83951,20.80982],[105.83853,20.81136],[105.83894,20.81389],[105.84124,20.81357],[105.84144,20.81475],[105.83662,20.81746],[105.83646,20.82188],[105.83714,20.82359],[105.8302,20.8252],[105.82709,20.82734],[105.82914,20.82717],[105.82778,20.83003],[105.82725,20.83414],[105.82412,20.83719],[105.82238,20.84021]]]]}},{"type":"Feature","properties":{"ward_id":"09784","ward":"Đan Phượng","unit_type":"Xã","area_km2_source":15.3,"population_source":47629,"density_source":3113.01,"center_lon_source":105.66818,"center_lat_source":21.09536,"admin_geography_version":"Hanoi wards/communes effective 2025-07-01"},"geometry":{"type":"MultiPolygon","coordinates":[[[[105.67246,21.11938],[105.67362,21.12166],[105.67192,21.12308],[105.66973,21.12167],[105.66968,21.11934],[105.66782,21.11985],[105.66546,21.11903],[105.66677,21.11423],[105.66428,21.10999],[105.66601,21.10763],[105.67288,21.10642],[105.67101,21.09987],[105.66894,21.10068],[105.66822,21.0999],[105.66656,21.10043],[105.66681,21.10119],[105.66594,21.10162],[105.66425,21.09982],[105.6602,21.09812],[105.65939,21.10114],[105.65983,21.10199],[105.65564,21.1085],[105.65386,21.10815],[105.65268,21.10656],[105.64852,21.10547],[105.64991,21.10188],[105.65279,21.09999],[105.65473,21.10099],[105.65514,21.10042],[105.6521,21.0942],[105.64705,21.09117],[105.64707,21.08921],[105.64492,21.08681],[105.64548,21.08191],[105.64499,21.07691],[105.64579,21.07191],[105.64834,21.06871],[105.65273,21.06858],[105.65905,21.07207],[105.66018,21.07142],[105.66288,21.06697],[105.66455,21.06625],[105.66697,21.06753],[105.66588,21.06826],[105.66393,21.06809],[105.66377,21.07046],[105.66654,21.07276],[105.67021,21.07017],[105.67197,21.06991],[105.67264,21.07033],[105.67157,21.07156],[105.67591,21.07372],[105.67469,21.07545],[105.67956,21.08103],[105.67756,21.0815],[105.67719,21.08427],[105.68098,21.08527],[105.68339,21.08717],[105.68477,21.08957],[105.68571,21.08909],[105.68702,21.09058],[105.68457,21.09472],[105.68679,21.09654],[105.68751,21.09937],[105.68291,21.10315],[105.68524,21.10493],[105.68415,21.10654],[105.68588,21.10677],[105.68545,21.10977],[105.6826,21.10985],[105.68159,21.11102],[105.68077,21.10947],[105.67861,21.11225],[105.67967,21.11431],[105.67688,21.11614],[105.67645,21.1156],[105.67573,21.11608],[105.67246,21.11938]]]]}},{"type":"Feature","properties":{"ward_id":"00316","ward":"Định Công","unit_type":"Phường","area_km2_source":5.34,"population_source":85502,"density_source":16011.61,"center_lon_source":105.82334,"center_lat_source":20.97659,"admin_geography_version":"Hanoi wards/communes effective 2025-07-01"},"geometry":{"type":"MultiPolygon","coordinates":[[[[105.83235,20.98368],[105.82856,20.98493],[105.82499,20.98859],[105.81945,20.98478],[105.81839,20.98063],[105.81573,20.9831],[105.8125,20.97901],[105.80993,20.9825],[105.80659,20.97979],[105.80889,20.97688],[105.80708,20.97321],[105.81783,20.96706],[105.82072,20.96972],[105.82165,20.9717],[105.82507,20.97152],[105.82402,20.9684],[105.8264,20.96719],[105.82853,20.96918],[105.83483,20.97095],[105.83853,20.9711],[105.84142,20.97031],[105.84106,20.9837],[105.83235,20.98368]]]]}},{"type":"Feature","properties":{"ward_id":"09616","ward":"Đoài Phương","unit_type":"Xã","area_km2_source":57.1,"population_source":39828,"density_source":697.51,"center_lon_source":105.48926,"center_lat_source":21.07198,"admin_geography_version":"Hanoi wards/communes effective 2025-07-01"},"geometry":{"type":"MultiPolygon","coordinates":[[[[105.47827,21.10541],[105.47776,21.10613],[105.47449,21.10434],[105.47476,21.10251],[105.47238,21.10351],[105.47263,21.10278],[105.47055,21.1008],[105.47031,21.10311],[105.46237,21.10258],[105.46012,21.10337],[105.45909,21.10178],[105.45297,21.09998],[105.45112,21.09746],[105.44738,21.09827],[105.44356,21.09317],[105.44074,21.09192],[105.43903,21.08698],[105.43972,21.0843],[105.43854,21.08234],[105.43982,21.08164],[105.43987,21.07967],[105.43837,21.07936],[105.44021,21.07752],[105.44156,21.07447],[105.44081,21.07156],[105.43919,21.06976],[105.44063,21.06725],[105.43977,21.06612],[105.44475,21.06249],[105.4464,21.06338],[105.449,21.06302],[105.45434,21.06731],[105.45296,21.06304],[105.45352,21.06278],[105.45935,21.07059],[105.45891,21.06812],[105.45956,21.06638],[105.45846,21.0633],[105.457,21.06241],[105.45783,21.06182],[105.4575,21.06043],[105.45542,21.05983],[105.45751,21.05894],[105.45734,21.05792],[105.45842,21.05785],[105.46122,21.06631],[105.46065,21.06813],[105.46292,21.07083],[105.46501,21.07114],[105.46477,21.07214],[105.46553,21.07216],[105.46376,21.06966],[105.46349,21.06707],[105.46232,21.0676],[105.46076,21.06446],[105.46085,21.05855],[105.45852,21.0565],[105.45838,21.05502],[105.45973,21.05312],[105.45827,21.05119],[105.45801,21.04035],[105.4566,21.03377],[105.45676,21.03265],[105.46199,21.02702],[105.46924,21.02181],[105.47044,21.02189],[105.4904,21.04258],[105.50239,21.04786],[105.50539,21.04827],[105.51177,21.03984],[105.51549,21.03305],[105.51722,21.03301],[105.51719,21.03577],[105.52018,21.03568],[105.52269,21.03711],[105.52369,21.03951],[105.52595,21.04099],[105.52662,21.04326],[105.52832,21.04309],[105.52946,21.04444],[105.52821,21.04609],[105.52934,21.04676],[105.5291,21.04816],[105.53085,21.04847],[105.52995,21.04915],[105.53462,21.05047],[105.5347,21.05175],[105.53154,21.05203],[105.53506,21.05381],[105.53428,21.05473],[105.53584,21.05522],[105.53386,21.05544],[105.53443,21.05743],[105.5336,21.05888],[105.53431,21.0608],[105.53167,21.06105],[105.53034,21.06216],[105.53035,21.06327],[105.5287,21.06376],[105.53046,21.06446],[105.52949,21.06615],[105.53107,21.06922],[105.53355,21.07051],[105.53557,21.07055],[105.5354,21.0725],[105.53798,21.07258],[105.53491,21.0746],[105.53251,21.0742],[105.53209,21.0806],[105.53083,21.08049],[105.52917,21.08219],[105.5239,21.08374],[105.52393,21.08624],[105.52309,21.08792],[105.52489,21.08833],[105.52462,21.08942],[105.52227,21.08907],[105.52155,21.09015],[105.51735,21.09032],[105.5168,21.0922],[105.51443,21.09022],[105.51019,21.09401],[105.51143,21.09507],[105.50773,21.09773],[105.50731,21.09638],[105.50359,21.095],[105.50123,21.0957],[105.50178,21.09741],[105.50061,21.0984],[105.49891,21.09824],[105.49628,21.09524],[105.49347,21.09584],[105.49304,21.09415],[105.49182,21.09422],[105.49077,21.09322],[105.48863,21.09338],[105.48801,21.09606],[105.48866,21.09707],[105.48757,21.09888],[105.48782,21.10191],[105.48536,21.10353],[105.48439,21.10542],[105.48031,21.10458],[105.47827,21.10541]]]]}},{"type":"Feature","properties":{"ward_id":"00454","ward":"Đông Anh","unit_type":"Xã","area_km2_source":48.68,"population_source":118183,"density_source":2427.75,"center_lon_source":105.87513,"center_lat_source":21.10568,"admin_geography_version":"Hanoi wards/communes effective 2025-07-01"},"geometry":{"type":"MultiPolygon","coordinates":[[[[105.89871,21.13425],[105.89218,21.13766],[105.86324,21.1489],[105.85615,21.15051],[105.84638,21.15417],[105.84362,21.13322],[105.842,21.13232],[105.83497,21.13125],[105.82707,21.13076],[105.8271,21.12455],[105.83339,21.12445],[105.83735,21.12254],[105.85018,21.10724],[105.8457,21.10443],[105.84736,21.10038],[105.84668,21.09984],[105.84866,21.09375],[105.84715,21.08791],[105.8413,21.0814],[105.84596,21.07978],[105.86095,21.06827],[105.86584,21.06633],[105.87237,21.06791],[105.883,21.07466],[105.89309,21.07911],[105.8977,21.0798],[105.90258,21.07845],[105.9048,21.08291],[105.90482,21.08842],[105.90556,21.08958],[105.90426,21.08929],[105.90351,21.08995],[105.89866,21.09654],[105.89629,21.09832],[105.89775,21.10128],[105.89925,21.10099],[105.90019,21.10645],[105.90159,21.10547],[105.90353,21.10977],[105.90575,21.11253],[105.90613,21.11479],[105.90887,21.11684],[105.91526,21.11879],[105.89871,21.13425]]]]}},{"type":"Feature","properties":{"ward_id":"00235","ward":"Đống Đa","unit_type":"Phường","area_km2_source":2.07,"population_source":81358,"density_source":39303.38,"center_lon_source":105.82298,"center_lat_source":21.01318,"admin_geography_version":"Hanoi wards/communes effective 2025-07-01"},"geometry":{"type":"MultiPolygon","coordinates":[[[[105.82981,21.01822],[105.82579,21.02084],[105.82369,21.01699],[105.821,21.01628],[105.81898,21.01392],[105.81497,21.0165],[105.81075,21.01061],[105.8149,21.00767],[105.81807,21.00164],[105.82184,21.00451],[105.8268,21.01344],[105.83109,21.01137],[105.83422,21.01437],[105.82981,21.01822]]]]}},{"type":"Feature","properties":{"ward_id":"00602","ward":"Đông Ngạc","unit_type":"Phường","area_km2_source":8.85,"population_source":83544,"density_source":9440,"center_lon_source":105.77273,"center_lat_source":21.07192,"admin_geography_version":"Hanoi wards/communes effective 2025-07-01"},"geometry":{"type":"MultiPolygon","coordinates":[[[[105.7858,21.07461],[105.78852,21.08134],[105.78578,21.08938],[105.78641,21.09763],[105.77233,21.09844],[105.77055,21.09008],[105.77172,21.07155],[105.76129,21.07121],[105.76052,21.06674],[105.75943,21.06563],[105.75607,21.06695],[105.75558,21.06507],[105.76168,21.05997],[105.76809,21.05741],[105.77266,21.05725],[105.77209,21.05421],[105.78224,21.05573],[105.78536,21.06867],[105.7858,21.07461]]]]}},{"type":"Feature","properties":{"ward_id":"09856","ward":"Dương Hòa","unit_type":"Xã","area_km2_source":17.41,"population_source":58830,"density_source":3379.09,"center_lon_source":105.67311,"center_lat_source":21.04776,"admin_geography_version":"Hanoi wards/communes effective 2025-07-01"},"geometry":{"type":"MultiPolygon","coordinates":[[[[105.67594,21.07618],[105.67469,21.07545],[105.67591,21.07372],[105.67157,21.07156],[105.67264,21.07033],[105.67197,21.06991],[105.67021,21.07017],[105.66654,21.07276],[105.66377,21.07046],[105.66393,21.06809],[105.66588,21.06826],[105.66697,21.06753],[105.66383,21.06626],[105.66486,21.06202],[105.66211,21.05879],[105.65944,21.05862],[105.6557,21.0599],[105.64886,21.06525],[105.64748,21.06517],[105.64614,21.06326],[105.64904,21.05514],[105.6496,21.04536],[105.65112,21.04309],[105.65274,21.04221],[105.65305,21.04023],[105.65446,21.03952],[105.65471,21.03735],[105.66527,21.03342],[105.66583,21.03205],[105.66513,21.03159],[105.66701,21.03047],[105.66803,21.02658],[105.66918,21.02612],[105.66876,21.02375],[105.6722,21.02178],[105.67456,21.02586],[105.67803,21.02398],[105.679,21.02556],[105.67963,21.02524],[105.6819,21.02892],[105.68101,21.03023],[105.68219,21.03073],[105.68237,21.03304],[105.68361,21.03133],[105.68544,21.03203],[105.68794,21.03131],[105.68856,21.0303],[105.68996,21.03095],[105.69565,21.03003],[105.69668,21.03051],[105.6945,21.03237],[105.6935,21.03483],[105.69263,21.03504],[105.69269,21.05132],[105.69148,21.05018],[105.69106,21.05123],[105.69257,21.0524],[105.69081,21.05673],[105.68966,21.05709],[105.685,21.07083],[105.68162,21.07039],[105.67594,21.07618]]]]}},{"type":"Feature","properties":{"ward_id":"09886","ward":"Dương Nội","unit_type":"Phường","area_km2_source":7.9,"population_source":56091,"density_source":7100.13,"center_lon_source":105.74367,"center_lat_source":20.97562,"admin_geography_version":"Hanoi wards/communes effective 2025-07-01"},"geometry":{"type":"MultiPolygon","coordinates":[[[[105.74206,20.99376],[105.74152,20.99488],[105.72995,20.99172],[105.73062,20.99049],[105.73292,20.99059],[105.73515,20.9863],[105.73782,20.9857],[105.74065,20.97484],[105.73854,20.9727],[105.73938,20.97118],[105.73915,20.96988],[105.74194,20.96737],[105.74055,20.96588],[105.74116,20.96453],[105.74242,20.96506],[105.74285,20.9642],[105.73961,20.96248],[105.739,20.96366],[105.73796,20.96322],[105.74548,20.95972],[105.75415,20.95412],[105.76488,20.96236],[105.75357,20.9687],[105.75588,20.9716],[105.76398,20.97801],[105.75422,20.98517],[105.75261,20.99156],[105.7464,20.98954],[105.74206,20.99376]]]]}},{"type":"Feature","properties":{"ward_id":"00565","ward":"Gia Lâm","unit_type":"Xã","area_km2_source":25.72,"population_source":90498,"density_source":3518.58,"center_lon_source":105.95912,"center_lat_source":20.98901,"admin_geography_version":"Hanoi wards/communes effective 2025-07-01"},"geometry":{"type":"MultiPolygon","coordinates":[[[[105.95991,21.01619],[105.95006,21.02205],[105.93378,21.03416],[105.92804,21.02268],[105.92145,21.01678],[105.91796,21.01224],[105.9405,20.98779],[105.9451,20.9818],[105.95311,20.96773],[105.95572,20.96717],[105.95614,20.96819],[105.95679,20.96794],[105.95679,20.96614],[105.95858,20.96605],[105.95917,20.96417],[105.96111,20.9632],[105.96163,20.96393],[105.96402,20.96341],[105.96442,20.96795],[105.9652,20.96793],[105.96472,20.97246],[105.96245,20.97352],[105.96316,20.97478],[105.96132,20.97589],[105.96298,20.98022],[105.96175,20.98144],[105.96509,20.98412],[105.96514,20.98505],[105.96395,20.98451],[105.96135,20.98836],[105.9616,20.98916],[105.96506,20.99103],[105.96564,20.99041],[105.96664,20.99102],[105.96881,20.98867],[105.97223,20.98977],[105.97173,20.99701],[105.97357,20.99631],[105.97626,20.99784],[105.97747,20.99955],[105.97003,21.01597],[105.96622,21.02009],[105.96326,21.01893],[105.96071,21.01568],[105.95991,21.01619]]]]}},{"type":"Feature","properties":{"ward_id":"00025","ward":"Giảng Võ","unit_type":"Phường","area_km2_source":2.6,"population_source":97034,"density_source":37320.77,"center_lon_source":105.81353,"center_lat_source":21.02946,"admin_geography_version":"Hanoi wards/communes effective 2025-07-01"},"geometry":{"type":"MultiPolygon","coordinates":[[[[105.80787,21.03626],[105.80628,21.03711],[105.80133,21.03023],[105.80946,21.0271],[105.81127,21.02506],[105.80813,21.01987],[105.81497,21.0165],[105.82021,21.02376],[105.83012,21.03212],[105.82858,21.03251],[105.81614,21.03053],[105.81319,21.03125],[105.81401,21.03388],[105.80787,21.03626]]]]}},{"type":"Feature","properties":{"ward_id":"09982","ward":"Hạ Bằng","unit_type":"Xã","area_km2_source":32.14,"population_source":38721,"density_source":1204.76,"center_lon_source":105.56356,"center_lat_source":21.0229,"admin_geography_version":"Hanoi wards/communes effective 2025-07-01"},"geometry":{"type":"MultiPolygon","coordinates":[[[[105.56368,21.05725],[105.564,21.05816],[105.56266,21.05874],[105.55961,21.05669],[105.55466,21.0564],[105.55319,21.05703],[105.5477,21.05476],[105.54643,21.05508],[105.54362,21.0518],[105.54068,21.05039],[105.53748,21.05223],[105.53619,21.05554],[105.53439,21.05707],[105.53386,21.05544],[105.53585,21.05531],[105.53428,21.05473],[105.53513,21.0539],[105.53154,21.05203],[105.5347,21.05175],[105.53462,21.05047],[105.52995,21.04915],[105.5309,21.04856],[105.52906,21.04808],[105.52934,21.04676],[105.5284,21.04659],[105.52818,21.04556],[105.52953,21.04455],[105.52832,21.04309],[105.52662,21.04326],[105.52595,21.04099],[105.52369,21.03951],[105.52269,21.03711],[105.52018,21.03568],[105.51719,21.03577],[105.51729,21.0331],[105.51549,21.03305],[105.51921,21.02703],[105.52341,21.02634],[105.52645,21.02794],[105.53509,21.03035],[105.53865,21.03402],[105.54405,21.03366],[105.54549,21.03496],[105.54558,21.02914],[105.54798,21.02664],[105.54971,21.02318],[105.54947,21.01952],[105.54741,21.01484],[105.55086,21.01439],[105.55263,21.01215],[105.55648,20.99355],[105.55595,20.98969],[105.55505,20.98928],[105.55497,20.98339],[105.55684,20.98158],[105.5593,20.98237],[105.56226,20.98185],[105.56261,20.9806],[105.56403,20.98113],[105.56511,20.97906],[105.56661,20.97858],[105.56569,20.97722],[105.56921,20.97719],[105.56851,20.97545],[105.57094,20.97608],[105.5726,20.97429],[105.57457,20.97512],[105.57476,20.97624],[105.57382,20.97741],[105.57637,20.97771],[105.57598,20.98122],[105.57489,20.9826],[105.57622,20.98542],[105.57816,20.98552],[105.57711,20.98239],[105.57782,20.98179],[105.57926,20.98165],[105.57933,20.98295],[105.58134,20.98386],[105.58146,20.98485],[105.58021,20.98588],[105.58259,20.98904],[105.58148,20.98973],[105.58069,20.98925],[105.57908,20.99141],[105.57974,20.99457],[105.58187,20.99602],[105.58054,20.99644],[105.58072,20.998],[105.58014,20.99825],[105.58132,21.0018],[105.5836,21.00405],[105.58532,21.00311],[105.58708,21.00336],[105.58803,21.00437],[105.59272,21.00389],[105.59205,21.00537],[105.59067,21.005],[105.59116,21.00704],[105.59328,21.00767],[105.59385,21.0127],[105.59594,21.01338],[105.59383,21.01738],[105.59481,21.01936],[105.59223,21.02227],[105.59094,21.02186],[105.58935,21.02387],[105.58784,21.02427],[105.58737,21.0234],[105.58611,21.02367],[105.58625,21.02292],[105.58556,21.02292],[105.58598,21.02417],[105.58331,21.02608],[105.58304,21.02817],[105.58496,21.02945],[105.58557,21.03141],[105.58749,21.0324],[105.58517,21.03525],[105.58634,21.03591],[105.58686,21.03739],[105.58455,21.03663],[105.58346,21.03711],[105.58394,21.03529],[105.58303,21.03597],[105.57914,21.036],[105.57802,21.03472],[105.57876,21.03379],[105.57691,21.03065],[105.57576,21.03192],[105.57381,21.03176],[105.57338,21.03374],[105.56658,21.03368],[105.56606,21.03276],[105.5634,21.03339],[105.56432,21.03426],[105.56365,21.03638],[105.5643,21.03717],[105.56567,21.03757],[105.56699,21.03667],[105.56758,21.03729],[105.56671,21.03786],[105.56656,21.03938],[105.56623,21.03822],[105.56451,21.03817],[105.56477,21.04026],[105.56566,21.04043],[105.56509,21.04091],[105.56406,21.04153],[105.5624,21.04071],[105.56175,21.04124],[105.56349,21.04359],[105.56264,21.04522],[105.56363,21.04631],[105.56293,21.04725],[105.56317,21.04878],[105.56197,21.04907],[105.56166,21.05013],[105.56424,21.05348],[105.5643,21.05545],[105.56332,21.0555],[105.56368,21.05725]]]]}},{"type":"Feature","properties":{"ward_id":"09556","ward":"Hà Đông","unit_type":"Phường","area_km2_source":9,"population_source":185205,"density_source":20578.33,"center_lon_source":105.78014,"center_lat_source":20.97401,"admin_geography_version":"Hanoi wards/communes effective 2025-07-01"},"geometry":{"type":"MultiPolygon","coordinates":[[[[105.78741,20.98548],[105.78414,20.98641],[105.7807,20.98864],[105.77594,20.98552],[105.77338,20.98494],[105.77159,20.98581],[105.76732,20.98332],[105.76691,20.98464],[105.76593,20.98445],[105.76608,20.9828],[105.76473,20.9828],[105.76414,20.97999],[105.76154,20.97967],[105.76398,20.97801],[105.75588,20.9716],[105.75357,20.9687],[105.76488,20.96236],[105.76917,20.96567],[105.77214,20.96243],[105.77221,20.95989],[105.77699,20.96367],[105.78319,20.96247],[105.78479,20.96347],[105.78685,20.96327],[105.7869,20.96145],[105.79083,20.95946],[105.79513,20.95984],[105.79637,20.96106],[105.79676,20.9631],[105.79216,20.96946],[105.7939,20.97162],[105.79371,20.9737],[105.79654,20.9738],[105.79641,20.97471],[105.79919,20.97518],[105.79859,20.97821],[105.79727,20.97798],[105.79093,20.9852],[105.78741,20.98548]]]]}},{"type":"Feature","properties":{"ward_id":"00256","ward":"Hai Bà Trưng","unit_type":"Phường","area_km2_source":2.65,"population_source":87801,"density_source":33132.45,"center_lon_source":105.85429,"center_lat_source":21.01501,"admin_geography_version":"Hanoi wards/communes effective 2025-07-01"},"geometry":{"type":"MultiPolygon","coordinates":[[[[105.84972,21.01864],[105.84142,21.02056],[105.84145,21.00772],[105.85582,21.00913],[105.86604,21.00856],[105.86391,21.01137],[105.86195,21.01853],[105.85872,21.01906],[105.85411,21.01792],[105.84972,21.01864]]]]}},{"type":"Feature","properties":{"ward_id":"09772","ward":"Hát Môn","unit_type":"Xã","area_km2_source":37.67,"population_source":72227,"density_source":1917.36,"center_lon_source":105.62441,"center_lat_source":21.08939,"admin_geography_version":"Hanoi wards/communes effective 2025-07-01"},"geometry":{"type":"MultiPolygon","coordinates":[[[[105.62365,21.13663],[105.6217,21.13767],[105.621,21.1364],[105.6174,21.13738],[105.61413,21.13479],[105.61146,21.13541],[105.60858,21.13164],[105.60738,21.13162],[105.60756,21.13049],[105.60531,21.13014],[105.60596,21.1267],[105.60503,21.12106],[105.60514,21.12013],[105.60632,21.12013],[105.60668,21.11376],[105.60468,21.11255],[105.6022,21.11795],[105.59884,21.12059],[105.5972,21.12068],[105.59631,21.11083],[105.59031,21.10997],[105.59052,21.1088],[105.58937,21.10816],[105.58942,21.10707],[105.5929,21.10664],[105.5937,21.09831],[105.59291,21.09665],[105.59402,21.09258],[105.59311,21.09228],[105.59254,21.09057],[105.59308,21.08867],[105.59252,21.08672],[105.59362,21.08622],[105.59269,21.08472],[105.59129,21.08473],[105.59226,21.07986],[105.59441,21.07708],[105.59496,21.07459],[105.60121,21.07325],[105.60727,21.07046],[105.60931,21.07242],[105.61573,21.06749],[105.61508,21.06855],[105.61634,21.06944],[105.61722,21.06788],[105.62417,21.06491],[105.62921,21.05988],[105.63195,21.05217],[105.63063,21.05151],[105.63478,21.04437],[105.64304,21.04396],[105.64323,21.0409],[105.64398,21.04388],[105.64653,21.0438],[105.64791,21.04609],[105.64788,21.04301],[105.6467,21.04225],[105.64833,21.04019],[105.65027,21.04417],[105.65088,21.04416],[105.64956,21.04548],[105.64904,21.05514],[105.64617,21.06339],[105.64748,21.06517],[105.64886,21.06525],[105.6557,21.0599],[105.66095,21.05859],[105.66391,21.06023],[105.66486,21.06202],[105.66458,21.06425],[105.66381,21.06642],[105.66152,21.0685],[105.65944,21.07199],[105.6509,21.06818],[105.64834,21.06871],[105.64637,21.07044],[105.64506,21.07599],[105.64548,21.08191],[105.64482,21.0862],[105.64717,21.0895],[105.6468,21.09204],[105.6457,21.09415],[105.6423,21.09721],[105.63405,21.10058],[105.6364,21.107],[105.63846,21.10552],[105.63933,21.10955],[105.63716,21.11009],[105.63742,21.11145],[105.62936,21.11412],[105.62473,21.11782],[105.62454,21.12019],[105.62995,21.12396],[105.6306,21.12541],[105.62855,21.12903],[105.62333,21.13413],[105.62365,21.13663]]]]}},{"type":"Feature","properties":{"ward_id":"09988","ward":"Hòa Lạc","unit_type":"Xã","area_km2_source":35.37,"population_source":20815,"density_source":588.49,"center_lon_source":105.52581,"center_lat_source":21.00794,"admin_geography_version":"Hanoi wards/communes effective 2025-07-01"},"geometry":{"type":"MultiPolygon","coordinates":[[[[105.51918,21.02709],[105.51177,21.03984],[105.50539,21.04827],[105.50239,21.04786],[105.4904,21.04258],[105.48747,21.04013],[105.47044,21.02189],[105.46924,21.02181],[105.4615,21.01291],[105.46572,21.01236],[105.48758,20.99586],[105.49401,20.99205],[105.49989,20.99015],[105.50498,20.9895],[105.52497,20.99014],[105.527,20.98128],[105.52947,20.97821],[105.53072,20.97981],[105.53422,20.97794],[105.53584,20.97843],[105.53582,20.97963],[105.53897,20.97944],[105.54197,20.97818],[105.54866,20.98368],[105.54904,20.98662],[105.55011,20.98674],[105.55138,20.98559],[105.55183,20.98686],[105.55283,20.98686],[105.55595,20.98969],[105.55654,20.99206],[105.55276,21.01184],[105.55086,21.01439],[105.54741,21.01484],[105.54947,21.01952],[105.54971,21.02318],[105.54798,21.02664],[105.54558,21.02914],[105.54549,21.03496],[105.54405,21.03366],[105.53865,21.03402],[105.53509,21.03035],[105.52645,21.02794],[105.52356,21.02637],[105.51918,21.02709]]]]}},{"type":"Feature","properties":{"ward_id":"10096","ward":"Hòa Phú","unit_type":"Xã","area_km2_source":29.87,"population_source":49948,"density_source":1672.18,"center_lon_source":105.701,"center_lat_source":20.82856,"admin_geography_version":"Hanoi wards/communes effective 2025-07-01"},"geometry":{"type":"MultiPolygon","coordinates":[[[[105.71627,20.85927],[105.71442,20.85796],[105.71244,20.85816],[105.7116,20.85569],[105.70921,20.85678],[105.7097,20.85354],[105.71137,20.85349],[105.71138,20.85229],[105.71065,20.8506],[105.70899,20.85113],[105.70653,20.84761],[105.69835,20.84831],[105.69662,20.84602],[105.69331,20.84616],[105.68885,20.84351],[105.68575,20.84375],[105.68546,20.84116],[105.68676,20.8418],[105.68705,20.83721],[105.68975,20.83727],[105.69086,20.83118],[105.68535,20.8292],[105.68637,20.82787],[105.68521,20.82747],[105.68496,20.82591],[105.68352,20.8256],[105.68214,20.82713],[105.67898,20.82558],[105.67804,20.8269],[105.67482,20.82615],[105.674,20.82429],[105.67151,20.82431],[105.67035,20.82236],[105.66753,20.82205],[105.65817,20.81658],[105.65686,20.81452],[105.66205,20.81376],[105.66237,20.81528],[105.66306,20.81534],[105.66716,20.8128],[105.66821,20.81376],[105.66769,20.8157],[105.66908,20.81451],[105.66927,20.81507],[105.66688,20.81652],[105.66716,20.81777],[105.67043,20.81583],[105.67181,20.81368],[105.67358,20.81458],[105.67779,20.81463],[105.67987,20.81432],[105.68159,20.81265],[105.68181,20.81406],[105.68448,20.81409],[105.68599,20.81346],[105.68592,20.81277],[105.69269,20.81215],[105.69409,20.81292],[105.6951,20.81559],[105.69731,20.81598],[105.69735,20.81714],[105.6983,20.81751],[105.69915,20.81935],[105.6981,20.82045],[105.69666,20.82519],[105.69677,20.82821],[105.7068,20.8287],[105.70736,20.82977],[105.70965,20.82984],[105.71058,20.82668],[105.70728,20.82524],[105.70659,20.82326],[105.70718,20.8185],[105.70972,20.81404],[105.70903,20.80927],[105.7262,20.80725],[105.73353,20.80919],[105.7427,20.80509],[105.74508,20.80556],[105.7494,20.8101],[105.75516,20.81373],[105.75275,20.81854],[105.75298,20.82378],[105.75521,20.82824],[105.7613,20.83417],[105.76145,20.8362],[105.75963,20.83729],[105.73953,20.83672],[105.73463,20.83937],[105.73376,20.84057],[105.73365,20.84231],[105.73585,20.84492],[105.73544,20.84536],[105.73315,20.84492],[105.72856,20.85148],[105.72713,20.8508],[105.72552,20.8545],[105.71627,20.85927]]]]}},{"type":"Feature","properties":{"ward_id":"10417","ward":"Hòa Xá","unit_type":"Xã","area_km2_source":40.42,"population_source":69428,"density_source":1717.66,"center_lon_source":105.79444,"center_lat_source":20.66753,"admin_geography_version":"Hanoi wards/communes effective 2025-07-01"},"geometry":{"type":"MultiPolygon","coordinates":[[[[105.77129,20.72077],[105.76922,20.72241],[105.76796,20.72218],[105.76297,20.71915],[105.76206,20.71608],[105.76299,20.70658],[105.75936,20.70019],[105.75519,20.69793],[105.74522,20.69626],[105.74268,20.69418],[105.7427,20.69097],[105.74424,20.68852],[105.75049,20.6835],[105.77132,20.66959],[105.78247,20.65928],[105.79254,20.6464],[105.80102,20.64268],[105.80246,20.64132],[105.80346,20.63844],[105.80339,20.6351],[105.8018,20.6327],[105.79777,20.62937],[105.79314,20.62752],[105.77979,20.62677],[105.77767,20.62566],[105.77697,20.62405],[105.78495,20.61786],[105.79137,20.61575],[105.79698,20.61175],[105.80208,20.61209],[105.80358,20.61286],[105.8043,20.61484],[105.80759,20.61758],[105.81101,20.61871],[105.81286,20.61817],[105.81489,20.61877],[105.81325,20.62239],[105.8134,20.62389],[105.81456,20.62494],[105.81219,20.62583],[105.81166,20.62813],[105.8111,20.62804],[105.81334,20.63343],[105.81884,20.63749],[105.83166,20.64457],[105.83397,20.64851],[105.833,20.64989],[105.82646,20.65281],[105.81952,20.66081],[105.82169,20.66215],[105.823,20.66206],[105.82304,20.66447],[105.82875,20.66345],[105.82515,20.66583],[105.8257,20.66697],[105.82242,20.67918],[105.81982,20.67857],[105.81969,20.67948],[105.81483,20.67789],[105.81492,20.67714],[105.80545,20.67044],[105.79945,20.67672],[105.79729,20.67516],[105.79694,20.67558],[105.79999,20.67813],[105.79751,20.68158],[105.79622,20.68101],[105.79404,20.68411],[105.79535,20.68507],[105.79086,20.69001],[105.79433,20.69204],[105.79252,20.69149],[105.79058,20.6939],[105.7904,20.69484],[105.79331,20.69645],[105.79199,20.7007],[105.79087,20.70244],[105.78181,20.69892],[105.78025,20.70034],[105.77731,20.70656],[105.77508,20.70645],[105.7753,20.71681],[105.77582,20.71699],[105.77439,20.72174],[105.7733,20.72231],[105.77249,20.72043],[105.77129,20.72077]]]]}},{"type":"Feature","properties":{"ward_id":"09832","ward":"Hoài Đức","unit_type":"Xã","area_km2_source":16.73,"population_source":69239,"density_source":4138.61,"center_lon_source":105.70342,"center_lat_source":21.06369,"admin_geography_version":"Hanoi wards/communes effective 2025-07-01"},"geometry":{"type":"MultiPolygon","coordinates":[[[[105.68673,21.0898],[105.68571,21.08909],[105.68477,21.08957],[105.68339,21.08717],[105.67993,21.08461],[105.67719,21.08427],[105.67756,21.0815],[105.67956,21.08103],[105.67554,21.0766],[105.68162,21.07039],[105.685,21.07083],[105.68966,21.05709],[105.69081,21.05673],[105.69257,21.0524],[105.69106,21.05123],[105.6912,21.0502],[105.6929,21.05153],[105.70411,21.05058],[105.7041,21.04723],[105.70503,21.04706],[105.70481,21.04459],[105.71036,21.03538],[105.71112,21.03562],[105.71237,21.03421],[105.71522,21.0337],[105.71581,21.03421],[105.71688,21.03347],[105.72011,21.03409],[105.72119,21.03536],[105.72144,21.03763],[105.72333,21.03823],[105.72303,21.04007],[105.72535,21.04002],[105.7272,21.04496],[105.72968,21.04706],[105.72949,21.04796],[105.72792,21.04833],[105.72829,21.05131],[105.72651,21.0526],[105.72959,21.05647],[105.72465,21.05974],[105.7243,21.06945],[105.71807,21.0727],[105.70959,21.07496],[105.70818,21.071],[105.70766,21.0719],[105.70533,21.07212],[105.70511,21.07126],[105.69909,21.07451],[105.69852,21.07482],[105.70068,21.07766],[105.70141,21.08116],[105.69804,21.08234],[105.69822,21.08349],[105.69694,21.08344],[105.69693,21.08486],[105.6976,21.08492],[105.69678,21.08672],[105.69564,21.08625],[105.68989,21.08811],[105.68985,21.0887],[105.68829,21.08863],[105.68673,21.0898]]]]}},{"type":"Feature","properties":{"ward_id":"00070","ward":"Hoàn Kiếm","unit_type":"Phường","area_km2_source":1.91,"population_source":105301,"density_source":55131.41,"center_lon_source":105.85035,"center_lat_source":21.03375,"admin_geography_version":"Hanoi wards/communes effective 2025-07-01"},"geometry":{"type":"MultiPolygon","coordinates":[[[[105.85052,21.04035],[105.85002,21.0409],[105.84464,21.03925],[105.84259,21.02916],[105.84357,21.02824],[105.85694,21.02443],[105.86,21.02534],[105.85434,21.03569],[105.85052,21.04035]]]]}},{"type":"Feature","properties":{"ward_id":"00337","ward":"Hoàng Liệt","unit_type":"Phường","area_km2_source":4.04,"population_source":55820,"density_source":13816.83,"center_lon_source":105.83201,"center_lat_source":20.96174,"admin_geography_version":"Hanoi wards/communes effective 2025-07-01"},"geometry":{"type":"MultiPolygon","coordinates":[[[[105.84011,20.97027],[105.83853,20.9711],[105.83483,20.97095],[105.82853,20.96918],[105.8264,20.96719],[105.82402,20.9684],[105.81811,20.963],[105.81304,20.96011],[105.81375,20.95953],[105.81751,20.9597],[105.82004,20.9575],[105.82567,20.95646],[105.83219,20.95233],[105.8358,20.9523],[105.84078,20.95429],[105.84246,20.9532],[105.84283,20.95123],[105.84414,20.95117],[105.84208,20.96155],[105.84196,20.96835],[105.84142,20.97031],[105.84011,20.97027]]]]}},{"type":"Feature","properties":{"ward_id":"00331","ward":"Hoàng Mai","unit_type":"Phường","area_km2_source":9.04,"population_source":98502,"density_source":10896.24,"center_lon_source":105.86563,"center_lat_source":20.97432,"admin_geography_version":"Hanoi wards/communes effective 2025-07-01"},"geometry":{"type":"MultiPolygon","coordinates":[[[[105.86787,20.98366],[105.84106,20.9836],[105.84094,20.97234],[105.84205,20.96576],[105.85004,20.96576],[105.86488,20.96397],[105.8717,20.96435],[105.87635,20.96635],[105.88217,20.97329],[105.88931,20.97936],[105.88358,20.98049],[105.87539,20.98362],[105.86787,20.98366]]]]}},{"type":"Feature","properties":{"ward_id":"00097","ward":"Hồng Hà","unit_type":"Phường","area_km2_source":15.09,"population_source":123282,"density_source":8169.78,"center_lon_source":105.84729,"center_lat_source":21.04958,"admin_geography_version":"Hanoi wards/communes effective 2025-07-01"},"geometry":{"type":"MultiPolygon","coordinates":[[[[105.86224,21.04903],[105.85166,21.06721],[105.84244,21.07742],[105.84161,21.08118],[105.82674,21.09115],[105.82105,21.0936],[105.81661,21.08454],[105.81742,21.08231],[105.82091,21.07707],[105.82563,21.07288],[105.82627,21.06836],[105.8292,21.06487],[105.83166,21.06413],[105.83797,21.05305],[105.85434,21.03569],[105.86028,21.02479],[105.86343,21.0127],[105.86486,21.00974],[105.8716,21.00325],[105.87403,21.00241],[105.87774,21.00604],[105.87308,21.00957],[105.86696,21.02047],[105.86238,21.03898],[105.86224,21.04903]]]]}},{"type":"Feature","properties":{"ward_id":"10465","ward":"Hồng Sơn","unit_type":"Xã","area_km2_source":54.38,"population_source":63130,"density_source":1160.9,"center_lon_source":105.70102,"center_lat_source":20.71452,"admin_geography_version":"Hanoi wards/communes effective 2025-07-01"},"geometry":{"type":"MultiPolygon","coordinates":[[[[105.70164,20.76102],[105.70171,20.76238],[105.70072,20.76248],[105.70104,20.76429],[105.69032,20.76555],[105.68857,20.7578],[105.68372,20.76026],[105.68304,20.74829],[105.68506,20.74703],[105.68478,20.74596],[105.68565,20.74444],[105.6822,20.74234],[105.6821,20.73932],[105.67978,20.73395],[105.6788,20.73326],[105.67735,20.73405],[105.67489,20.7326],[105.67171,20.73478],[105.67094,20.73689],[105.66938,20.73707],[105.66624,20.73391],[105.66283,20.72738],[105.663,20.7258],[105.66075,20.72367],[105.66125,20.722],[105.66309,20.72105],[105.66323,20.71929],[105.66484,20.71856],[105.66526,20.7161],[105.66791,20.71593],[105.66828,20.71181],[105.67026,20.71086],[105.67067,20.70876],[105.67298,20.70579],[105.67535,20.70322],[105.67648,20.70337],[105.67892,20.70156],[105.68024,20.69932],[105.68185,20.6989],[105.68104,20.69726],[105.68207,20.69533],[105.68087,20.69177],[105.67855,20.69081],[105.67969,20.68982],[105.67993,20.6876],[105.67915,20.68407],[105.67769,20.68405],[105.67722,20.68223],[105.67468,20.68205],[105.67232,20.67998],[105.66924,20.68085],[105.66793,20.6801],[105.66984,20.67544],[105.67333,20.67603],[105.67313,20.67501],[105.67481,20.67472],[105.67423,20.67166],[105.67688,20.67148],[105.68006,20.66789],[105.68137,20.66737],[105.68378,20.6682],[105.6907,20.66637],[105.69321,20.6725],[105.69992,20.67151],[105.69893,20.6748],[105.70004,20.67398],[105.70305,20.67442],[105.70241,20.67817],[105.70984,20.68095],[105.70874,20.68279],[105.71006,20.68335],[105.71171,20.68196],[105.71747,20.68527],[105.71951,20.68257],[105.72104,20.68364],[105.71913,20.68611],[105.71915,20.68701],[105.72023,20.68695],[105.71601,20.69247],[105.72009,20.69864],[105.72442,20.69595],[105.73245,20.70495],[105.73351,20.70359],[105.74487,20.71149],[105.75428,20.70483],[105.75699,20.70674],[105.75788,20.70557],[105.75948,20.70683],[105.76247,20.70492],[105.76314,20.70832],[105.76206,20.71608],[105.76297,20.71915],[105.76598,20.72149],[105.77103,20.72338],[105.76841,20.7272],[105.76077,20.73163],[105.75541,20.72871],[105.74716,20.72813],[105.74151,20.72658],[105.73536,20.72212],[105.73078,20.72239],[105.73062,20.72405],[105.73262,20.72624],[105.73339,20.7297],[105.73211,20.73498],[105.73061,20.73693],[105.70846,20.74261],[105.70308,20.74309],[105.69829,20.74174],[105.69741,20.74209],[105.6964,20.74644],[105.69747,20.75096],[105.70788,20.75244],[105.71419,20.75683],[105.71881,20.7619],[105.71724,20.7631],[105.71414,20.76067],[105.71109,20.76367],[105.70579,20.76007],[105.70341,20.76372],[105.70267,20.76101],[105.70164,20.76102]]]]}},{"type":"Feature","properties":{"ward_id":"10210","ward":"Hồng Vân","unit_type":"Xã","area_km2_source":24.53,"population_source":58685,"density_source":2392.38,"center_lon_source":105.88335,"center_lat_source":20.87488,"admin_geography_version":"Hanoi wards/communes effective 2025-07-01"},"geometry":{"type":"MultiPolygon","coordinates":[[[[105.88767,20.90719],[105.88742,20.90844],[105.87847,20.91029],[105.87484,20.91208],[105.87366,20.91075],[105.87379,20.90666],[105.86775,20.90911],[105.86275,20.90301],[105.85973,20.89756],[105.8576,20.89559],[105.85883,20.8923],[105.86108,20.89078],[105.86348,20.89083],[105.86698,20.89329],[105.87162,20.89245],[105.87106,20.89056],[105.87478,20.88982],[105.87428,20.88179],[105.87536,20.88177],[105.87504,20.87273],[105.87593,20.8727],[105.87572,20.87091],[105.86975,20.87169],[105.86959,20.87025],[105.86696,20.86997],[105.86623,20.86701],[105.86818,20.86707],[105.86829,20.86566],[105.86753,20.86547],[105.86782,20.8642],[105.86604,20.8638],[105.8659,20.86263],[105.86508,20.86238],[105.8663,20.86],[105.86439,20.85495],[105.86683,20.85556],[105.86637,20.85684],[105.86766,20.85747],[105.87053,20.85578],[105.87149,20.85604],[105.87195,20.85412],[105.87256,20.85452],[105.8739,20.85159],[105.87304,20.85137],[105.87358,20.85019],[105.87707,20.85044],[105.87746,20.84954],[105.88048,20.85022],[105.88147,20.84761],[105.88784,20.85047],[105.88981,20.84959],[105.88828,20.85099],[105.88848,20.85191],[105.8912,20.84988],[105.89475,20.85163],[105.89533,20.85769],[105.89813,20.86034],[105.90079,20.86067],[105.90217,20.86831],[105.9052,20.8692],[105.90521,20.86854],[105.91148,20.86713],[105.91118,20.86639],[105.91191,20.86574],[105.91568,20.86562],[105.91643,20.8679],[105.91711,20.86782],[105.91852,20.86988],[105.91922,20.86951],[105.92108,20.87073],[105.92502,20.87812],[105.9185,20.88224],[105.89904,20.89072],[105.8961,20.89269],[105.89379,20.89539],[105.89377,20.89891],[105.89531,20.90162],[105.89958,20.90532],[105.89266,20.90944],[105.89155,20.90594],[105.8877,20.906],[105.88767,20.90719]]]]}},{"type":"Feature","properties":{"ward_id":"09931","ward":"Hưng Đạo","unit_type":"Xã","area_km2_source":24.9,"population_source":49357,"density_source":1982.21,"center_lon_source":105.67222,"center_lat_source":20.96798,"admin_geography_version":"Hanoi wards/communes effective 2025-07-01"},"geometry":{"type":"MultiPolygon","coordinates":[[[[105.65322,20.99026],[105.64832,20.98895],[105.64862,20.98824],[105.64717,20.98546],[105.64645,20.98606],[105.64297,20.98328],[105.64357,20.98224],[105.64078,20.98157],[105.64109,20.97996],[105.63698,20.97924],[105.63847,20.97583],[105.63811,20.97368],[105.63265,20.97126],[105.63146,20.97168],[105.63126,20.97055],[105.63074,20.97071],[105.63074,20.96752],[105.63322,20.96564],[105.6321,20.96158],[105.63666,20.96062],[105.63492,20.95908],[105.63384,20.9557],[105.63609,20.95544],[105.63599,20.95444],[105.6391,20.95496],[105.63907,20.95375],[105.64145,20.95547],[105.64614,20.95096],[105.65227,20.95154],[105.66316,20.94879],[105.67644,20.95142],[105.67866,20.95063],[105.67955,20.95148],[105.67899,20.95201],[105.67967,20.95453],[105.68329,20.9552],[105.68291,20.95782],[105.68647,20.95838],[105.68597,20.96086],[105.68862,20.96228],[105.69243,20.96145],[105.69522,20.96483],[105.69623,20.9641],[105.69531,20.95991],[105.69349,20.95664],[105.69473,20.95508],[105.6964,20.95492],[105.69749,20.95675],[105.69916,20.95575],[105.70088,20.95728],[105.70444,20.95689],[105.70457,20.95776],[105.70731,20.95623],[105.70903,20.95766],[105.71233,20.95524],[105.71469,20.95618],[105.71803,20.95383],[105.72022,20.95379],[105.725,20.95097],[105.72557,20.95185],[105.72577,20.95386],[105.72499,20.95567],[105.71563,20.96285],[105.71127,20.97093],[105.70056,20.97737],[105.69526,20.9783],[105.68899,20.97433],[105.68913,20.97254],[105.68532,20.96912],[105.68388,20.97026],[105.68733,20.97465],[105.68496,20.97543],[105.68488,20.9764],[105.68348,20.97651],[105.67589,20.98609],[105.67457,20.98651],[105.67327,20.98463],[105.66776,20.98195],[105.6651,20.98286],[105.66211,20.98189],[105.66178,20.98409],[105.65904,20.98446],[105.66107,20.98805],[105.65935,20.98996],[105.65636,20.9898],[105.65652,20.98807],[105.65521,20.98807],[105.6553,20.98943],[105.65322,20.99026]]]]}},{"type":"Feature","properties":{"ward_id":"10489","ward":"Hương Sơn","unit_type":"Xã","area_km2_source":69.11,"population_source":52634,"density_source":761.6,"center_lon_source":105.76499,"center_lat_source":20.62772,"admin_geography_version":"Hanoi wards/communes effective 2025-07-01"},"geometry":{"type":"MultiPolygon","coordinates":[[[[105.73539,20.67022],[105.72944,20.67499],[105.72369,20.6715],[105.72281,20.67069],[105.7258,20.66394],[105.71991,20.65943],[105.71923,20.66014],[105.71657,20.65912],[105.71563,20.65648],[105.71501,20.6534],[105.71785,20.65285],[105.71731,20.65037],[105.72093,20.64392],[105.72143,20.64088],[105.72356,20.63934],[105.72248,20.63618],[105.72548,20.63073],[105.72533,20.62952],[105.72234,20.62666],[105.72304,20.62445],[105.72196,20.61881],[105.71717,20.6104],[105.72127,20.6092],[105.7239,20.60683],[105.72687,20.60558],[105.72699,20.60443],[105.73242,20.59979],[105.73722,20.59831],[105.74284,20.59905],[105.7437,20.59851],[105.74735,20.59135],[105.75215,20.58978],[105.75632,20.58302],[105.7631,20.57903],[105.76783,20.56987],[105.76866,20.56527],[105.77729,20.56428],[105.77875,20.5658],[105.78154,20.56561],[105.78215,20.56473],[105.78442,20.56652],[105.79024,20.5664],[105.7946,20.56736],[105.79708,20.57123],[105.79777,20.57392],[105.79692,20.57417],[105.79876,20.57691],[105.79933,20.58185],[105.80147,20.58396],[105.80095,20.58928],[105.8031,20.59283],[105.80372,20.5988],[105.80618,20.59919],[105.80714,20.59732],[105.80799,20.59725],[105.80883,20.59951],[105.80726,20.60008],[105.80764,20.60114],[105.81084,20.60339],[105.81135,20.60459],[105.80789,20.60611],[105.80568,20.61004],[105.80661,20.61181],[105.81226,20.61604],[105.81296,20.61821],[105.81101,20.61871],[105.80862,20.61805],[105.80506,20.61571],[105.80321,20.61255],[105.79739,20.61166],[105.79137,20.61575],[105.78495,20.61786],[105.77698,20.62422],[105.77767,20.62566],[105.77979,20.62677],[105.79314,20.62752],[105.79777,20.62937],[105.8018,20.6327],[105.80339,20.6351],[105.80346,20.63844],[105.80246,20.64132],[105.80102,20.64268],[105.79254,20.6464],[105.79,20.64886],[105.7835,20.65815],[105.7772,20.66362],[105.7742,20.66149],[105.77287,20.66011],[105.77334,20.65982],[105.77103,20.65935],[105.7709,20.65526],[105.76953,20.65547],[105.76927,20.65368],[105.76667,20.65432],[105.76688,20.65142],[105.76502,20.6533],[105.76495,20.6524],[105.76241,20.65248],[105.76224,20.65027],[105.75726,20.65081],[105.75596,20.64946],[105.75727,20.64719],[105.7539,20.64355],[105.75229,20.64565],[105.75246,20.64679],[105.75063,20.64839],[105.75227,20.64986],[105.75233,20.65131],[105.75102,20.653],[105.75146,20.65356],[105.75057,20.65443],[105.74881,20.65227],[105.74634,20.65299],[105.74884,20.65542],[105.74734,20.65714],[105.75017,20.65959],[105.74379,20.66648],[105.74456,20.66715],[105.74388,20.6676],[105.74463,20.66885],[105.74385,20.66923],[105.74178,20.66726],[105.74117,20.66774],[105.74025,20.66634],[105.73539,20.67022]]]]}},{"type":"Feature","properties":{"ward_id":"00364","ward":"Khương Đình","unit_type":"Phường","area_km2_source":3.1,"population_source":86286,"density_source":27834.19,"center_lon_source":105.81858,"center_lat_source":20.98974,"admin_geography_version":"Hanoi wards/communes effective 2025-07-01"},"geometry":{"type":"MultiPolygon","coordinates":[[[[105.81918,20.98349],[105.81945,20.98478],[105.82499,20.98859],[105.82165,20.99288],[105.8223,20.99438],[105.82185,20.99927],[105.82289,21.00241],[105.82011,21.00308],[105.80326,20.99148],[105.8125,20.97901],[105.81573,20.9831],[105.81839,20.98063],[105.81918,20.98349]]]]}},{"type":"Feature","properties":{"ward_id":"09552","ward":"Kiến Hưng","unit_type":"Phường","area_km2_source":6.65,"population_source":70833,"density_source":10651.58,"center_lon_source":105.78733,"center_lat_source":20.95855,"admin_geography_version":"Hanoi wards/communes effective 2025-07-01"},"geometry":{"type":"MultiPolygon","coordinates":[[[[105.77214,20.96243],[105.76917,20.96567],[105.7547,20.95454],[105.79167,20.94215],[105.79473,20.95029],[105.79397,20.95131],[105.79497,20.955],[105.79747,20.95559],[105.79816,20.95757],[105.80086,20.95825],[105.80214,20.95702],[105.80429,20.95905],[105.79676,20.9631],[105.79538,20.96003],[105.79181,20.95939],[105.7869,20.96145],[105.78685,20.96327],[105.78479,20.96347],[105.78319,20.96247],[105.77699,20.96367],[105.77221,20.95989],[105.77214,20.96243]]]]}},{"type":"Feature","properties":{"ward_id":"09910","ward":"Kiều Phú","unit_type":"Xã","area_km2_source":34.49,"population_source":60885,"density_source":1765.29,"center_lon_source":105.60447,"center_lat_source":20.98076,"admin_geography_version":"Hanoi wards/communes effective 2025-07-01"},"geometry":{"type":"MultiPolygon","coordinates":[[[[105.5938,21.01186],[105.59328,21.00767],[105.59116,21.00704],[105.59067,21.005],[105.59205,21.00537],[105.59272,21.00389],[105.58803,21.00437],[105.58708,21.00336],[105.58532,21.00311],[105.5836,21.00405],[105.58132,21.0018],[105.58014,20.99825],[105.58072,20.998],[105.58054,20.99644],[105.58187,20.99602],[105.57974,20.99457],[105.57908,20.99141],[105.58069,20.98925],[105.58148,20.98973],[105.58258,20.98895],[105.58021,20.98588],[105.58146,20.98485],[105.58116,20.98346],[105.57935,20.98297],[105.57926,20.98165],[105.57712,20.9822],[105.57824,20.98476],[105.57775,20.98585],[105.57622,20.98542],[105.57497,20.98294],[105.57639,20.97824],[105.57613,20.97733],[105.57363,20.9771],[105.57476,20.97624],[105.57488,20.9728],[105.57842,20.96983],[105.58215,20.97015],[105.58255,20.96926],[105.58064,20.96385],[105.58189,20.96304],[105.58417,20.96458],[105.58471,20.96175],[105.58713,20.96155],[105.59019,20.95633],[105.59209,20.95467],[105.59539,20.95362],[105.59534,20.94847],[105.59723,20.94536],[105.60515,20.94567],[105.6063,20.94331],[105.60747,20.94268],[105.61092,20.94365],[105.61192,20.94206],[105.61472,20.94074],[105.61581,20.93931],[105.61457,20.93694],[105.61497,20.93533],[105.62007,20.93623],[105.62356,20.93794],[105.622,20.94046],[105.62784,20.94699],[105.63281,20.95004],[105.63473,20.95859],[105.63666,20.96062],[105.6321,20.96158],[105.63322,20.96564],[105.63074,20.96752],[105.63074,20.97071],[105.62904,20.9732],[105.63077,20.97506],[105.63021,20.97663],[105.63258,20.97742],[105.63049,20.97966],[105.6323,20.98243],[105.63138,20.983],[105.6318,20.98437],[105.62995,20.98623],[105.63048,20.98676],[105.62947,20.9893],[105.63018,20.98976],[105.63001,20.99107],[105.63237,20.99198],[105.63367,20.9889],[105.63518,20.99008],[105.63319,20.99197],[105.63311,20.99347],[105.63174,20.99326],[105.62998,20.99546],[105.6324,20.99689],[105.62928,21.00094],[105.62766,21.00178],[105.61438,21.00126],[105.61469,21.00365],[105.61697,21.00447],[105.61497,21.00711],[105.6138,21.0061],[105.61041,21.0058],[105.61073,21.00523],[105.60826,21.00469],[105.60773,21.00325],[105.60682,21.00317],[105.60671,21.00432],[105.6054,21.00439],[105.6055,21.00282],[105.6011,21.00257],[105.5938,21.01186]]]]}},{"type":"Feature","properties":{"ward_id":"00382","ward":"Kim Anh","unit_type":"Xã","area_km2_source":52.8,"population_source":48564,"density_source":919.77,"center_lon_source":105.76305,"center_lat_source":21.28365,"admin_geography_version":"Hanoi wards/communes effective 2025-07-01"},"geometry":{"type":"MultiPolygon","coordinates":[[[[105.79756,21.34319],[105.79754,21.34469],[105.79363,21.34576],[105.78966,21.34933],[105.7888,21.35171],[105.78618,21.35394],[105.78626,21.35571],[105.78592,21.35473],[105.78302,21.35387],[105.78525,21.34807],[105.78532,21.34289],[105.78309,21.34289],[105.78016,21.33936],[105.77615,21.33705],[105.77624,21.33576],[105.7726,21.32951],[105.77196,21.32546],[105.77048,21.32394],[105.76792,21.31846],[105.76408,21.31574],[105.7614,21.31151],[105.76023,21.30835],[105.76078,21.30667],[105.75844,21.3042],[105.75934,21.30329],[105.75646,21.30165],[105.75704,21.30059],[105.75541,21.29997],[105.75421,21.29795],[105.75281,21.29734],[105.753,21.29509],[105.74923,21.29591],[105.74761,21.29434],[105.74567,21.29403],[105.74493,21.29191],[105.74306,21.29289],[105.74274,21.29028],[105.74093,21.29069],[105.74088,21.28986],[105.74256,21.28903],[105.74196,21.28733],[105.73964,21.28787],[105.7394,21.28666],[105.73863,21.28715],[105.73914,21.28784],[105.73815,21.28812],[105.73643,21.28701],[105.73687,21.28574],[105.7351,21.28433],[105.73596,21.27955],[105.73341,21.27946],[105.73261,21.2751],[105.72898,21.27593],[105.72898,21.27429],[105.72795,21.27304],[105.72637,21.27355],[105.72541,21.27299],[105.72573,21.2712],[105.72931,21.2694],[105.72866,21.26831],[105.72748,21.26829],[105.72452,21.26608],[105.72378,21.26282],[105.72478,21.25728],[105.7235,21.25177],[105.7292,21.24876],[105.72664,21.24323],[105.72498,21.24269],[105.72539,21.24197],[105.7285,21.24072],[105.73228,21.24195],[105.73425,21.24181],[105.73602,21.24031],[105.73757,21.23648],[105.73882,21.23633],[105.74071,21.23854],[105.74003,21.23896],[105.74061,21.23951],[105.74163,21.23877],[105.74329,21.24002],[105.74618,21.23696],[105.74797,21.23907],[105.74963,21.23842],[105.75066,21.23698],[105.75308,21.23665],[105.75494,21.23855],[105.75613,21.23774],[105.75953,21.23884],[105.75942,21.23994],[105.76037,21.24008],[105.76231,21.23982],[105.76259,21.23865],[105.76465,21.23767],[105.76576,21.24057],[105.76979,21.24162],[105.76952,21.24721],[105.77,21.24805],[105.77119,21.24764],[105.7724,21.24899],[105.771,21.24983],[105.77425,21.25283],[105.77409,21.25415],[105.77752,21.25707],[105.77763,21.25908],[105.78083,21.25988],[105.78058,21.26226],[105.78225,21.26197],[105.78376,21.26062],[105.78528,21.26224],[105.78903,21.2606],[105.7936,21.26633],[105.79561,21.26561],[105.79682,21.26893],[105.79593,21.2694],[105.79804,21.27229],[105.79739,21.27353],[105.79902,21.27431],[105.79976,21.27662],[105.80286,21.2794],[105.80318,21.28538],[105.80099,21.28558],[105.79862,21.28794],[105.79459,21.29415],[105.79302,21.30077],[105.78887,21.30305],[105.78847,21.30962],[105.78905,21.31418],[105.79078,21.31616],[105.79366,21.31753],[105.79425,21.32213],[105.79777,21.32424],[105.79746,21.32573],[105.79974,21.32858],[105.79859,21.33313],[105.79707,21.33565],[105.7979,21.33688],[105.79709,21.34064],[105.79756,21.34319]]]]}},{"type":"Feature","properties":{"ward_id":"00229","ward":"Kim Liên","unit_type":"Phường","area_km2_source":2.46,"population_source":109107,"density_source":44352.44,"center_lon_source":105.83265,"center_lat_source":21.00872,"admin_geography_version":"Hanoi wards/communes effective 2025-07-01"},"geometry":{"type":"MultiPolygon","coordinates":[[[[105.83557,21.01279],[105.83422,21.01437],[105.83109,21.01137],[105.8268,21.01344],[105.82184,21.00451],[105.82011,21.00308],[105.84129,20.99782],[105.84145,21.00772],[105.83853,21.00933],[105.83557,21.01279]]]]}},{"type":"Feature","properties":{"ward_id":"00199","ward":"Láng","unit_type":"Phường","area_km2_source":1.88,"population_source":61135,"density_source":32518.62,"center_lon_source":105.80567,"center_lat_source":21.02326,"admin_geography_version":"Hanoi wards/communes effective 2025-07-01"},"geometry":{"type":"MultiPolygon","coordinates":[[[[105.80407,21.02888],[105.80133,21.03023],[105.79818,21.02658],[105.79768,21.02424],[105.80003,21.02211],[105.80446,21.01542],[105.81075,21.01061],[105.81497,21.0165],[105.80813,21.01987],[105.81127,21.02506],[105.81028,21.02626],[105.8085,21.02768],[105.80407,21.02888]]]]}},{"type":"Feature","properties":{"ward_id":"09787","ward":"Liên Minh","unit_type":"Xã","area_km2_source":23.57,"population_source":47769,"density_source":2026.69,"center_lon_source":105.64856,"center_lat_source":21.11697,"admin_geography_version":"Hanoi wards/communes effective 2025-07-01"},"geometry":{"type":"MultiPolygon","coordinates":[[[[105.62606,21.17137],[105.62771,21.14399],[105.62725,21.14306],[105.62549,21.14386],[105.62476,21.14264],[105.62368,21.14294],[105.62287,21.14153],[105.62564,21.14042],[105.62322,21.13466],[105.62855,21.12903],[105.6306,21.12541],[105.62995,21.12396],[105.62454,21.12019],[105.62431,21.11874],[105.62936,21.11412],[105.63742,21.11145],[105.63716,21.11009],[105.63933,21.10955],[105.63846,21.10552],[105.6364,21.107],[105.63405,21.10058],[105.6423,21.09721],[105.6457,21.09415],[105.64705,21.09117],[105.6521,21.0942],[105.65514,21.10042],[105.65473,21.10099],[105.65279,21.09999],[105.64991,21.10188],[105.64852,21.10547],[105.65268,21.10656],[105.65386,21.10815],[105.65564,21.1085],[105.65983,21.10199],[105.65939,21.10114],[105.6602,21.09812],[105.66425,21.09982],[105.66594,21.10162],[105.66681,21.10119],[105.66656,21.10043],[105.66822,21.0999],[105.66894,21.10068],[105.67101,21.09987],[105.67288,21.10642],[105.66601,21.10763],[105.66428,21.10999],[105.66677,21.11423],[105.66546,21.11903],[105.66782,21.11985],[105.66968,21.11934],[105.66973,21.12167],[105.67654,21.12602],[105.67355,21.13315],[105.66698,21.13237],[105.66203,21.13515],[105.64161,21.15744],[105.62606,21.17137]]]]}},{"type":"Feature","properties":{"ward_id":"00328","ward":"Lĩnh Nam","unit_type":"Phường","area_km2_source":10.86,"population_source":20706,"density_source":1906.63,"center_lon_source":105.88871,"center_lat_source":20.9808,"admin_geography_version":"Hanoi wards/communes effective 2025-07-01"},"geometry":{"type":"MultiPolygon","coordinates":[[[[105.88778,21.0015],[105.87774,21.00604],[105.87408,21.00239],[105.8793,21.00068],[105.88362,21.00099],[105.89187,20.99669],[105.89203,20.99239],[105.89504,20.98587],[105.88636,20.97621],[105.88149,20.9726],[105.87627,20.9663],[105.87673,20.96493],[105.87527,20.96425],[105.87454,20.96109],[105.87113,20.95658],[105.88647,20.94523],[105.89026,20.95168],[105.8997,20.96296],[105.90414,20.97008],[105.90755,20.97718],[105.90868,20.98595],[105.90836,20.98835],[105.90737,20.98961],[105.89418,20.99892],[105.88778,21.0015]]]]}},{"type":"Feature","properties":{"ward_id":"00145","ward":"Long Biên","unit_type":"Phường","area_km2_source":19.04,"population_source":62887,"density_source":3302.89,"center_lon_source":105.89911,"center_lat_source":21.01693,"admin_geography_version":"Hanoi wards/communes effective 2025-07-01"},"geometry":{"type":"MultiPolygon","coordinates":[[[[105.90487,20.99692],[105.92145,21.01678],[105.92726,21.02167],[105.92919,21.02489],[105.91378,21.03006],[105.89963,21.03691],[105.8907,21.05185],[105.88137,21.03301],[105.86696,21.02047],[105.87308,21.00957],[105.87843,21.00558],[105.89418,20.99892],[105.90175,20.99346],[105.90487,20.99692]]]]}},{"type":"Feature","properties":{"ward_id":"09022","ward":"Mê Linh","unit_type":"Xã","area_km2_source":34.97,"population_source":62197,"density_source":1778.58,"center_lon_source":105.733,"center_lat_source":21.14233,"admin_geography_version":"Hanoi wards/communes effective 2025-07-01"},"geometry":{"type":"MultiPolygon","coordinates":[[[[105.73314,21.16808],[105.72998,21.1699],[105.71556,21.18308],[105.71138,21.18875],[105.70436,21.18066],[105.70226,21.17671],[105.70108,21.17092],[105.70152,21.16464],[105.69796,21.16472],[105.69912,21.16204],[105.69712,21.14208],[105.71284,21.14269],[105.7173,21.14038],[105.71869,21.13658],[105.71851,21.12636],[105.71936,21.12372],[105.72641,21.11364],[105.73725,21.10491],[105.7414,21.10795],[105.7354,21.11323],[105.73689,21.11378],[105.73207,21.12187],[105.73599,21.12166],[105.73559,21.12387],[105.7372,21.12568],[105.73859,21.12515],[105.73899,21.12857],[105.74102,21.12883],[105.74207,21.13282],[105.7433,21.13162],[105.74407,21.13437],[105.75979,21.1336],[105.76053,21.13572],[105.766,21.13611],[105.76812,21.13788],[105.77258,21.14583],[105.77103,21.1481],[105.77179,21.14935],[105.77046,21.16928],[105.73314,21.16808]]]]}},{"type":"Feature","properties":{"ward_id":"09661","ward":"Minh Châu","unit_type":"Xã","area_km2_source":10.36,"population_source":6646,"density_source":641.51,"center_lon_source":105.4569,"center_lat_source":21.2087,"admin_geography_version":"Hanoi wards/communes effective 2025-07-01"},"geometry":{"type":"MultiPolygon","coordinates":[[[[105.45855,21.22584],[105.45136,21.23757],[105.44484,21.23423],[105.43855,21.22421],[105.43903,21.20974],[105.4398,21.20813],[105.45259,21.19485],[105.45492,21.19346],[105.46116,21.18582],[105.46764,21.18169],[105.46635,21.20098],[105.46389,21.2013],[105.46303,21.20314],[105.46441,21.20342],[105.46389,21.20636],[105.46243,21.20603],[105.46139,21.20812],[105.46326,21.2087],[105.46234,21.2146],[105.45855,21.22584]]]]}},{"type":"Feature","properties":{"ward_id":"10441","ward":"Mỹ Đức","unit_type":"Xã","area_km2_source":52.73,"population_source":53640,"density_source":1017.26,"center_lon_source":105.71382,"center_lat_source":20.65313,"admin_geography_version":"Hanoi wards/communes effective 2025-07-01"},"geometry":{"type":"MultiPolygon","coordinates":[[[[105.74632,20.71102],[105.74487,20.71149],[105.73351,20.70359],[105.73245,20.70495],[105.72442,20.69595],[105.72009,20.69864],[105.71601,20.69247],[105.72023,20.68695],[105.71915,20.68701],[105.71913,20.68611],[105.72104,20.68364],[105.71951,20.68257],[105.71747,20.68527],[105.71171,20.68196],[105.71006,20.68335],[105.70874,20.68279],[105.70984,20.68095],[105.70241,20.67817],[105.70305,20.67442],[105.70004,20.67398],[105.69893,20.6748],[105.69992,20.67151],[105.69321,20.6725],[105.6907,20.66637],[105.68378,20.6682],[105.68037,20.66766],[105.67688,20.67148],[105.67423,20.67166],[105.67481,20.67472],[105.67313,20.67501],[105.67333,20.67603],[105.66984,20.67544],[105.6711,20.67455],[105.67194,20.67162],[105.67347,20.67015],[105.67216,20.6679],[105.67371,20.66489],[105.67523,20.66377],[105.6771,20.66442],[105.67665,20.66537],[105.67748,20.66582],[105.67706,20.66756],[105.67627,20.66766],[105.6764,20.67023],[105.67918,20.66832],[105.67923,20.66507],[105.68186,20.66234],[105.67917,20.66123],[105.67863,20.65989],[105.68056,20.65619],[105.67962,20.65434],[105.68124,20.65233],[105.67895,20.64761],[105.67906,20.64552],[105.68078,20.64201],[105.68683,20.63793],[105.68338,20.63548],[105.6845,20.63312],[105.68125,20.62964],[105.67837,20.62854],[105.67671,20.63032],[105.67515,20.62919],[105.67329,20.62914],[105.67202,20.63216],[105.67099,20.63269],[105.66879,20.62954],[105.66767,20.62901],[105.66593,20.63031],[105.66379,20.62821],[105.66699,20.62362],[105.66707,20.62185],[105.66597,20.62108],[105.66581,20.61934],[105.66652,20.61679],[105.66948,20.6178],[105.67334,20.61595],[105.67527,20.61692],[105.67697,20.61615],[105.67775,20.61668],[105.67754,20.61769],[105.67968,20.61724],[105.68092,20.61795],[105.68296,20.61638],[105.68512,20.61689],[105.68694,20.61593],[105.68807,20.61898],[105.69199,20.6221],[105.69647,20.61981],[105.69764,20.62029],[105.69866,20.62228],[105.70093,20.62177],[105.70493,20.61403],[105.7037,20.61353],[105.70357,20.61099],[105.7051,20.60951],[105.70462,20.60737],[105.70527,20.6057],[105.70378,20.6027],[105.70807,20.59868],[105.70968,20.59957],[105.7152,20.5978],[105.71672,20.59829],[105.71871,20.59705],[105.72165,20.59927],[105.72679,20.6055],[105.7217,20.60827],[105.72127,20.6092],[105.71717,20.6104],[105.72196,20.61881],[105.72304,20.62445],[105.72234,20.62666],[105.7255,20.63013],[105.72248,20.63618],[105.72356,20.63934],[105.72143,20.64088],[105.72093,20.64392],[105.71731,20.65037],[105.71785,20.65285],[105.71501,20.6534],[105.71657,20.65912],[105.71923,20.66014],[105.71991,20.65943],[105.7258,20.66394],[105.72281,20.67069],[105.72944,20.67499],[105.74025,20.66634],[105.74117,20.66774],[105.74178,20.66726],[105.74385,20.66923],[105.74463,20.66885],[105.74388,20.6676],[105.74456,20.66715],[105.74379,20.66648],[105.75017,20.65959],[105.74734,20.65714],[105.74884,20.65542],[105.74634,20.65299],[105.74881,20.65227],[105.75057,20.65443],[105.75146,20.65356],[105.75102,20.653],[105.75233,20.65131],[105.75227,20.64986],[105.75063,20.64839],[105.75246,20.64679],[105.75229,20.64565],[105.7539,20.64355],[105.75727,20.64719],[105.75596,20.64946],[105.75726,20.65081],[105.76224,20.65027],[105.76241,20.65248],[105.76495,20.6524],[105.76502,20.6533],[105.76688,20.65142],[105.76667,20.65432],[105.76927,20.65368],[105.76953,20.65547],[105.7709,20.65526],[105.77103,20.65935],[105.77334,20.65982],[105.77287,20.66011],[105.7742,20.66149],[105.7772,20.66362],[105.77132,20.66959],[105.75705,20.67874],[105.74551,20.68743],[105.74348,20.68942],[105.74254,20.69186],[105.74282,20.69445],[105.74522,20.69626],[105.75519,20.69793],[105.75808,20.69926],[105.76039,20.70142],[105.76247,20.70492],[105.75948,20.70683],[105.75788,20.70557],[105.75699,20.70674],[105.75428,20.70483],[105.74632,20.71102]]]]}},{"type":"Feature","properties":{"ward_id":"00685","ward":"Nam Phù","unit_type":"Xã","area_km2_source":13.74,"population_source":42772,"density_source":3112.95,"center_lon_source":105.88702,"center_lat_source":20.91861,"admin_geography_version":"Hanoi wards/communes effective 2025-07-01"},"geometry":{"type":"MultiPolygon","coordinates":[[[[105.8867,20.92876],[105.88103,20.93114],[105.88035,20.93232],[105.88048,20.93489],[105.86675,20.93402],[105.85912,20.93217],[105.86007,20.91337],[105.86277,20.90303],[105.86775,20.90911],[105.87379,20.90666],[105.87366,20.91075],[105.87484,20.91208],[105.87847,20.91029],[105.88742,20.90844],[105.8877,20.906],[105.89155,20.90594],[105.89251,20.90946],[105.89958,20.90532],[105.91384,20.91568],[105.91496,20.91771],[105.91509,20.92089],[105.91201,20.92447],[105.9084,20.92638],[105.90871,20.92692],[105.89822,20.92923],[105.8867,20.92876]]]]}},{"type":"Feature","properties":{"ward_id":"00160","ward":"Nghĩa Đô","unit_type":"Phường","area_km2_source":4.34,"population_source":125568,"density_source":28932.72,"center_lon_source":105.79514,"center_lat_source":21.04301,"admin_geography_version":"Hanoi wards/communes effective 2025-07-01"},"geometry":{"type":"MultiPolygon","coordinates":[[[[105.78998,21.05678],[105.78235,21.05615],[105.78103,21.0418],[105.79046,21.04163],[105.79047,21.04019],[105.79361,21.03773],[105.79485,21.03769],[105.79478,21.03936],[105.79764,21.03904],[105.79731,21.03386],[105.80133,21.03023],[105.80584,21.03618],[105.80624,21.03992],[105.80702,21.04017],[105.80443,21.05185],[105.79003,21.05189],[105.78998,21.05678]]]]}},{"type":"Feature","properties":{"ward_id":"00008","ward":"Ngọc Hà","unit_type":"Phường","area_km2_source":2.68,"population_source":93536,"density_source":34901.49,"center_lon_source":105.81658,"center_lat_source":21.03871,"admin_geography_version":"Hanoi wards/communes effective 2025-07-01"},"geometry":{"type":"MultiPolygon","coordinates":[[[[105.80575,21.04756],[105.80499,21.04855],[105.80702,21.04017],[105.80624,21.03992],[105.80628,21.03711],[105.81054,21.0347],[105.81401,21.03388],[105.81319,21.03125],[105.81747,21.03062],[105.82701,21.03222],[105.82711,21.03476],[105.82787,21.0347],[105.828,21.03616],[105.82801,21.03716],[105.82662,21.03728],[105.82735,21.0398],[105.82245,21.04196],[105.81574,21.04244],[105.8102,21.04638],[105.80575,21.04756]]]]}},{"type":"Feature","properties":{"ward_id":"00679","ward":"Ngọc Hồi","unit_type":"Xã","area_km2_source":13.35,"population_source":43864,"density_source":3285.69,"center_lon_source":105.83471,"center_lat_source":20.91176,"admin_geography_version":"Hanoi wards/communes effective 2025-07-01"},"geometry":{"type":"MultiPolygon","coordinates":[[[[105.84027,20.92566],[105.83631,20.92783],[105.83587,20.9291],[105.83434,20.92878],[105.83129,20.92561],[105.83028,20.92626],[105.82801,20.92417],[105.82865,20.92342],[105.82746,20.92234],[105.8247,20.92498],[105.81239,20.91866],[105.80627,20.91144],[105.80639,20.9099],[105.81576,20.90256],[105.82342,20.90351],[105.82556,20.90289],[105.8256,20.90056],[105.82699,20.90063],[105.82729,20.89939],[105.82639,20.89801],[105.8288,20.89713],[105.83094,20.90094],[105.83297,20.90138],[105.8331,20.90379],[105.83465,20.90439],[105.85157,20.89891],[105.8553,20.89546],[105.85779,20.89563],[105.85973,20.89756],[105.86277,20.90303],[105.86027,20.91183],[105.85986,20.92207],[105.84909,20.92504],[105.84463,20.92316],[105.84027,20.92566]]]]}},{"type":"Feature","properties":{"ward_id":"00433","ward":"Nội Bài","unit_type":"Xã","area_km2_source":51.64,"population_source":70469,"density_source":1364.62,"center_lon_source":105.79195,"center_lat_source":21.2355,"admin_geography_version":"Hanoi wards/communes effective 2025-07-01"},"geometry":{"type":"MultiPolygon","coordinates":[[[[105.82158,21.28798],[105.8194,21.28774],[105.81812,21.28461],[105.80974,21.27722],[105.80797,21.28427],[105.8031,21.28565],[105.80286,21.2794],[105.79976,21.27662],[105.79902,21.27431],[105.79739,21.27353],[105.79804,21.27229],[105.79593,21.2694],[105.79682,21.26893],[105.79561,21.26561],[105.7936,21.26633],[105.78903,21.2606],[105.78528,21.26224],[105.78376,21.26062],[105.78225,21.26197],[105.78058,21.26226],[105.78083,21.25988],[105.77763,21.25908],[105.77752,21.25707],[105.77409,21.25415],[105.77425,21.25283],[105.771,21.24983],[105.7724,21.24899],[105.77119,21.24764],[105.77,21.24805],[105.76952,21.24721],[105.76979,21.24162],[105.76576,21.24057],[105.76465,21.23767],[105.76259,21.23865],[105.76231,21.23982],[105.76037,21.24008],[105.75942,21.23994],[105.75953,21.23884],[105.75613,21.23774],[105.75494,21.23855],[105.75308,21.23665],[105.75066,21.23698],[105.74963,21.23842],[105.74797,21.23907],[105.74618,21.23696],[105.74329,21.24002],[105.74163,21.23877],[105.74061,21.23951],[105.74003,21.23896],[105.74071,21.23854],[105.73882,21.23633],[105.73824,21.23684],[105.73716,21.23555],[105.73542,21.23518],[105.73285,21.23577],[105.73245,21.23448],[105.73776,21.23156],[105.74231,21.23148],[105.75044,21.22781],[105.75228,21.22614],[105.75402,21.22202],[105.75831,21.22291],[105.75927,21.21706],[105.76086,21.21453],[105.76387,21.21317],[105.7691,21.21408],[105.76996,21.21224],[105.76983,21.20834],[105.77112,21.20547],[105.7779,21.2001],[105.78753,21.19717],[105.78918,21.1949],[105.79009,21.19069],[105.79525,21.19254],[105.79773,21.19102],[105.79968,21.18778],[105.80123,21.1874],[105.80795,21.1907],[105.81206,21.19097],[105.81528,21.18785],[105.81519,21.18662],[105.81275,21.18551],[105.81449,21.18431],[105.81788,21.18432],[105.82228,21.18677],[105.8292,21.18843],[105.8315,21.18806],[105.83467,21.18619],[105.83572,21.18657],[105.8384,21.18929],[105.83498,21.1929],[105.83393,21.19804],[105.82495,21.19805],[105.82508,21.20122],[105.82238,21.20144],[105.82222,21.2081],[105.81711,21.20888],[105.81852,21.21333],[105.82474,21.21184],[105.82756,21.21433],[105.82805,21.21593],[105.82257,21.21969],[105.8117,21.2234],[105.81307,21.22754],[105.80826,21.22908],[105.8056,21.23423],[105.81432,21.23807],[105.81396,21.23877],[105.8154,21.2394],[105.81502,21.24082],[105.81615,21.24134],[105.81561,21.24463],[105.81659,21.24755],[105.81956,21.2483],[105.82017,21.24949],[105.82309,21.24915],[105.82591,21.25182],[105.82534,21.25589],[105.82426,21.25712],[105.82504,21.25745],[105.82429,21.26087],[105.82338,21.26221],[105.82096,21.26287],[105.82012,21.26545],[105.82127,21.2695],[105.82446,21.2715],[105.8233,21.27165],[105.82267,21.27649],[105.82168,21.27744],[105.82314,21.28507],[105.82158,21.28798]]]]}},{"type":"Feature","properties":{"ward_id":"00190","ward":"Ô Chợ Dừa","unit_type":"Phường","area_km2_source":1.83,"population_source":71293,"density_source":38957.92,"center_lon_source":105.82594,"center_lat_source":21.0215,"admin_geography_version":"Hanoi wards/communes effective 2025-07-01"},"geometry":{"type":"MultiPolygon","coordinates":[[[[105.83235,21.0237],[105.83611,21.03043],[105.83012,21.03212],[105.82021,21.02376],[105.81497,21.0165],[105.81898,21.01392],[105.821,21.01628],[105.82369,21.01699],[105.82579,21.02084],[105.82981,21.01822],[105.83235,21.0237]]]]}},{"type":"Feature","properties":{"ward_id":"09817","ward":"Ô Diên","unit_type":"Xã","area_km2_source":32.06,"population_source":97506,"density_source":3041.36,"center_lon_source":105.70118,"center_lat_source":21.10145,"admin_geography_version":"Hanoi wards/communes effective 2025-07-01"},"geometry":{"type":"MultiPolygon","coordinates":[[[[105.72234,21.1194],[105.71936,21.12372],[105.71851,21.12636],[105.71839,21.13836],[105.7173,21.14038],[105.71284,21.14269],[105.69813,21.14224],[105.68962,21.14089],[105.68379,21.13931],[105.67599,21.13394],[105.67355,21.13315],[105.67654,21.12602],[105.67192,21.12308],[105.67362,21.12166],[105.67246,21.11938],[105.67573,21.11608],[105.67645,21.1156],[105.67688,21.11614],[105.67967,21.11431],[105.67861,21.11225],[105.68077,21.10947],[105.68159,21.11102],[105.6826,21.10985],[105.68545,21.10977],[105.68588,21.10677],[105.68415,21.10654],[105.68524,21.10493],[105.68291,21.10315],[105.68751,21.09937],[105.68679,21.09654],[105.68457,21.09472],[105.6866,21.09183],[105.68673,21.0898],[105.68829,21.08863],[105.68985,21.0887],[105.68989,21.08811],[105.69564,21.08625],[105.69678,21.08672],[105.6976,21.08492],[105.69693,21.08486],[105.69694,21.08344],[105.69822,21.08349],[105.69804,21.08234],[105.70156,21.08078],[105.70068,21.07766],[105.69852,21.07482],[105.70511,21.07126],[105.70533,21.07212],[105.70766,21.0719],[105.70818,21.071],[105.70959,21.07496],[105.71807,21.0727],[105.7243,21.06945],[105.7241,21.07609],[105.72849,21.08245],[105.72791,21.08444],[105.72657,21.08531],[105.72696,21.08749],[105.72615,21.08912],[105.72613,21.09343],[105.72694,21.094],[105.72514,21.09664],[105.72622,21.09906],[105.72939,21.09948],[105.72995,21.10086],[105.73178,21.10107],[105.73725,21.10491],[105.72641,21.11364],[105.72234,21.1194]]]]}},{"type":"Feature","properties":{"ward_id":"09952","ward":"Phú Cát","unit_type":"Xã","area_km2_source":51.21,"population_source":43339,"density_source":846.3,"center_lon_source":105.56794,"center_lat_source":20.94441,"admin_geography_version":"Hanoi wards/communes effective 2025-07-01"},"geometry":{"type":"MultiPolygon","coordinates":[[[[105.55505,20.98928],[105.55283,20.98686],[105.55183,20.98686],[105.55138,20.98559],[105.55011,20.98674],[105.54904,20.98662],[105.54866,20.98368],[105.54197,20.97818],[105.53897,20.97944],[105.53582,20.97963],[105.53584,20.97843],[105.53422,20.97794],[105.5302,20.97959],[105.5262,20.97248],[105.52933,20.96794],[105.53015,20.96518],[105.52888,20.96427],[105.52707,20.95959],[105.52835,20.95958],[105.52708,20.95825],[105.52918,20.95699],[105.528,20.95526],[105.52912,20.95394],[105.52884,20.95221],[105.52779,20.9518],[105.52699,20.95332],[105.52394,20.95136],[105.52296,20.9525],[105.52168,20.95015],[105.5205,20.95007],[105.51982,20.95091],[105.51604,20.9485],[105.51743,20.94336],[105.51638,20.94299],[105.516,20.93995],[105.51167,20.93465],[105.50376,20.92943],[105.50464,20.92758],[105.51293,20.92217],[105.52172,20.92209],[105.52529,20.91893],[105.53257,20.92236],[105.53746,20.92601],[105.53835,20.92782],[105.54115,20.92522],[105.54589,20.92315],[105.55104,20.92578],[105.55208,20.92741],[105.5535,20.92656],[105.55667,20.92683],[105.56068,20.92467],[105.56116,20.92582],[105.56626,20.92761],[105.57102,20.92791],[105.57014,20.92973],[105.57076,20.93014],[105.5734,20.9284],[105.57556,20.93018],[105.57608,20.92924],[105.57996,20.92876],[105.57989,20.92749],[105.58082,20.92748],[105.58127,20.92578],[105.57965,20.92483],[105.58115,20.92361],[105.58452,20.92276],[105.58403,20.9214],[105.58183,20.91982],[105.57898,20.92084],[105.57852,20.92032],[105.58012,20.91777],[105.57944,20.91607],[105.5823,20.91355],[105.58244,20.91129],[105.58148,20.91024],[105.58308,20.91082],[105.58499,20.91009],[105.58588,20.91123],[105.58736,20.91122],[105.58806,20.91285],[105.59228,20.91248],[105.59106,20.91145],[105.59272,20.91096],[105.59305,20.91275],[105.5941,20.91349],[105.59762,20.91277],[105.59767,20.91776],[105.60237,20.91817],[105.60123,20.9204],[105.60191,20.92212],[105.60428,20.92224],[105.60597,20.92387],[105.60942,20.92315],[105.61455,20.92539],[105.61549,20.92773],[105.61278,20.93088],[105.61313,20.93197],[105.61525,20.93274],[105.61687,20.93022],[105.61824,20.92992],[105.6203,20.93287],[105.61858,20.93398],[105.61815,20.93608],[105.61478,20.93549],[105.61457,20.93694],[105.61581,20.93931],[105.61472,20.94074],[105.61192,20.94206],[105.61114,20.94355],[105.60694,20.94279],[105.60587,20.94524],[105.60475,20.94576],[105.59723,20.94536],[105.59534,20.94847],[105.59539,20.95362],[105.59209,20.95467],[105.59019,20.95633],[105.58713,20.96155],[105.58471,20.96175],[105.58417,20.96458],[105.58189,20.96304],[105.58064,20.96385],[105.58255,20.96926],[105.58215,20.97015],[105.57831,20.96989],[105.57488,20.9728],[105.57457,20.97512],[105.5725,20.97429],[105.57094,20.97608],[105.56851,20.97545],[105.56922,20.97717],[105.56569,20.97722],[105.56661,20.97858],[105.56511,20.97906],[105.56403,20.98113],[105.56261,20.9806],[105.56226,20.98185],[105.5593,20.98237],[105.55684,20.98158],[105.55497,20.98339],[105.55505,20.98928]]]]}},{"type":"Feature","properties":{"ward_id":"00619","ward":"Phú Diễn","unit_type":"Phường","area_km2_source":6.29,"population_source":74603,"density_source":11860.57,"center_lon_source":105.76087,"center_lat_source":21.05195,"admin_geography_version":"Hanoi wards/communes effective 2025-07-01"},"geometry":{"type":"MultiPolygon","coordinates":[[[[105.77046,21.05688],[105.7612,21.06022],[105.74872,21.05561],[105.7491,21.05474],[105.74788,21.0542],[105.7487,21.05223],[105.74556,21.05012],[105.7461,21.04858],[105.7453,21.04773],[105.77201,21.03827],[105.78055,21.0366],[105.78224,21.05573],[105.77209,21.05421],[105.77266,21.05725],[105.77046,21.05688]]]]}},{"type":"Feature","properties":{"ward_id":"00541","ward":"Phù Đổng","unit_type":"Xã","area_km2_source":41.62,"population_source":111484,"density_source":2678.62,"center_lon_source":105.93811,"center_lat_source":21.08811,"admin_geography_version":"Hanoi wards/communes effective 2025-07-01"},"geometry":{"type":"MultiPolygon","coordinates":[[[[105.92404,21.12027],[105.92252,21.12114],[105.92146,21.11856],[105.9156,21.11896],[105.90887,21.11684],[105.90582,21.11443],[105.90575,21.11253],[105.90353,21.10977],[105.90144,21.10527],[105.90019,21.10645],[105.89925,21.10099],[105.89775,21.10128],[105.89629,21.09832],[105.89866,21.09654],[105.90351,21.08995],[105.90426,21.08929],[105.90556,21.08958],[105.90482,21.08842],[105.9048,21.08291],[105.90258,21.07845],[105.91854,21.07585],[105.92475,21.07181],[105.92828,21.06677],[105.9322,21.05833],[105.93811,21.04007],[105.95011,21.0375],[105.96454,21.04659],[105.97015,21.0486],[105.97481,21.04691],[105.98766,21.03948],[105.99097,21.0396],[105.99206,21.04044],[105.9939,21.04496],[105.99417,21.05781],[105.99541,21.0627],[106.00165,21.06936],[105.99964,21.07456],[105.9937,21.06893],[105.97709,21.07024],[105.96826,21.07212],[105.96886,21.0737],[105.96363,21.07757],[105.96207,21.0779],[105.95998,21.08839],[105.95803,21.09127],[105.94724,21.08573],[105.94028,21.08333],[105.93987,21.08529],[105.94052,21.08681],[105.93963,21.08858],[105.94071,21.08925],[105.93821,21.09382],[105.93661,21.09314],[105.93454,21.09661],[105.93641,21.10166],[105.93425,21.103],[105.93473,21.10348],[105.93404,21.10407],[105.93497,21.10493],[105.9339,21.10666],[105.93094,21.1088],[105.93144,21.11008],[105.93017,21.112],[105.92763,21.11243],[105.92733,21.11172],[105.9248,21.11325],[105.92572,21.11484],[105.92141,21.11642],[105.92317,21.11999],[105.92404,21.12027]]]]}},{"type":"Feature","properties":{"ward_id":"09568","ward":"Phú Lương","unit_type":"Phường","area_km2_source":9.4,"population_source":52024,"density_source":5534.47,"center_lon_source":105.76343,"center_lat_source":20.9354,"admin_geography_version":"Hanoi wards/communes effective 2025-07-01"},"geometry":{"type":"MultiPolygon","coordinates":[[[[105.76968,20.94967],[105.7547,20.95454],[105.75034,20.95116],[105.75115,20.95006],[105.74926,20.94913],[105.74664,20.94565],[105.74527,20.94542],[105.74632,20.93989],[105.74804,20.93955],[105.74785,20.93771],[105.74907,20.93757],[105.74928,20.93498],[105.75134,20.93454],[105.75002,20.9289],[105.75136,20.92836],[105.75216,20.93056],[105.75395,20.92971],[105.75461,20.93071],[105.75587,20.9292],[105.75707,20.92952],[105.75625,20.93173],[105.75769,20.93213],[105.75786,20.92998],[105.7596,20.93171],[105.76216,20.92996],[105.76025,20.92848],[105.76654,20.92405],[105.76784,20.92557],[105.771,20.92215],[105.77427,20.9245],[105.77264,20.92654],[105.77714,20.93],[105.77868,20.92831],[105.78379,20.92787],[105.7836,20.93502],[105.78592,20.93564],[105.78621,20.938],[105.78807,20.93799],[105.78834,20.93912],[105.7907,20.93903],[105.7918,20.94252],[105.76968,20.94967]]]]}},{"type":"Feature","properties":{"ward_id":"10030","ward":"Phú Nghĩa","unit_type":"Xã","area_km2_source":40.25,"population_source":71048,"density_source":1765.17,"center_lon_source":105.63631,"center_lat_source":20.91252,"admin_geography_version":"Hanoi wards/communes effective 2025-07-01"},"geometry":{"type":"MultiPolygon","coordinates":[[[[105.63599,20.95444],[105.63609,20.95544],[105.63384,20.9557],[105.63281,20.95004],[105.62827,20.94746],[105.622,20.94046],[105.62356,20.93794],[105.61815,20.93608],[105.61858,20.93398],[105.62037,20.9327],[105.6189,20.93019],[105.61697,20.93014],[105.61525,20.93274],[105.61313,20.93197],[105.61278,20.93088],[105.61549,20.92773],[105.61482,20.92559],[105.60942,20.92315],[105.60597,20.92387],[105.60428,20.92224],[105.60212,20.9223],[105.60123,20.9204],[105.60237,20.91817],[105.59767,20.91776],[105.5978,20.9145],[105.60333,20.91348],[105.60731,20.90859],[105.60852,20.90946],[105.60959,20.90891],[105.61178,20.90985],[105.61249,20.90727],[105.61403,20.9065],[105.61344,20.90454],[105.61195,20.904],[105.61258,20.90235],[105.61085,20.90116],[105.61166,20.89928],[105.61389,20.89725],[105.61306,20.89683],[105.61304,20.8951],[105.61133,20.89513],[105.61089,20.8943],[105.60937,20.88746],[105.61103,20.88761],[105.6127,20.88918],[105.61638,20.88976],[105.61864,20.89489],[105.62004,20.89545],[105.62293,20.89231],[105.62696,20.89125],[105.62788,20.88941],[105.63027,20.89001],[105.63054,20.89182],[105.63201,20.89294],[105.63485,20.89165],[105.63562,20.89255],[105.64233,20.88855],[105.64202,20.88192],[105.64866,20.88069],[105.6469,20.88167],[105.64746,20.88292],[105.6458,20.88403],[105.64659,20.88595],[105.65015,20.88698],[105.65159,20.89033],[105.65369,20.89006],[105.65545,20.89161],[105.65538,20.89249],[105.6564,20.89154],[105.65844,20.89151],[105.66492,20.89351],[105.66558,20.89471],[105.66684,20.89478],[105.66625,20.89603],[105.66794,20.89653],[105.66808,20.89583],[105.66997,20.89555],[105.67009,20.89724],[105.67408,20.89785],[105.67303,20.89959],[105.67458,20.89934],[105.67707,20.90046],[105.67268,20.91364],[105.67644,20.91724],[105.67724,20.92275],[105.6754,20.92247],[105.67494,20.9288],[105.67379,20.92879],[105.67307,20.9304],[105.67406,20.93271],[105.67156,20.93266],[105.67011,20.93489],[105.66484,20.93473],[105.66461,20.94015],[105.66274,20.94003],[105.66215,20.94903],[105.65227,20.95154],[105.64614,20.95096],[105.64145,20.95547],[105.63907,20.95375],[105.6391,20.95496],[105.63599,20.95444]]]]}},{"type":"Feature","properties":{"ward_id":"00091","ward":"Phú Thượng","unit_type":"Phường","area_km2_source":7.21,"population_source":39322,"density_source":5453.81,"center_lon_source":105.79933,"center_lat_source":21.08241,"admin_geography_version":"Hanoi wards/communes effective 2025-07-01"},"geometry":{"type":"MultiPolygon","coordinates":[[[[105.81308,21.079],[105.81757,21.08605],[105.82105,21.0936],[105.79354,21.09736],[105.78641,21.09763],[105.78575,21.08965],[105.78833,21.08236],[105.78794,21.0792],[105.7887,21.07826],[105.7939,21.07622],[105.79445,21.07737],[105.79882,21.07565],[105.79832,21.07449],[105.80899,21.07038],[105.81308,21.079]]]]}},{"type":"Feature","properties":{"ward_id":"10273","ward":"Phú Xuyên","unit_type":"Xã","area_km2_source":60.02,"population_source":96635,"density_source":1610.05,"center_lon_source":105.90766,"center_lat_source":20.75244,"admin_geography_version":"Hanoi wards/communes effective 2025-07-01"},"geometry":{"type":"MultiPolygon","coordinates":[[[[105.91844,20.7978],[105.91403,20.8102],[105.88438,20.80235],[105.88632,20.79772],[105.88393,20.79715],[105.88321,20.79576],[105.88002,20.79454],[105.87274,20.79632],[105.86851,20.78985],[105.87649,20.78498],[105.87794,20.7859],[105.88043,20.78414],[105.879,20.78333],[105.88198,20.78165],[105.88415,20.78249],[105.88492,20.78048],[105.88681,20.78114],[105.88974,20.77231],[105.88848,20.77128],[105.88693,20.77231],[105.88583,20.77116],[105.8833,20.77269],[105.88113,20.77275],[105.87499,20.75744],[105.87577,20.75746],[105.87589,20.75654],[105.87481,20.75626],[105.8754,20.75544],[105.88276,20.74819],[105.88411,20.74557],[105.8837,20.74116],[105.88527,20.74098],[105.88614,20.74252],[105.8889,20.7418],[105.8871,20.73633],[105.88182,20.73057],[105.88196,20.72988],[105.88327,20.72794],[105.88418,20.72776],[105.88674,20.7298],[105.89162,20.73165],[105.89348,20.7314],[105.89164,20.7254],[105.89719,20.72557],[105.89851,20.72231],[105.8998,20.72288],[105.90075,20.72068],[105.90368,20.72215],[105.90391,20.71875],[105.90462,20.72199],[105.90527,20.72196],[105.90491,20.72501],[105.90601,20.72468],[105.90876,20.72927],[105.90992,20.72852],[105.9095,20.7299],[105.91065,20.73084],[105.91141,20.73062],[105.91177,20.72902],[105.91241,20.72897],[105.91237,20.73026],[105.91434,20.72946],[105.9164,20.72979],[105.91697,20.73263],[105.92145,20.73032],[105.92544,20.73511],[105.9318,20.73509],[105.93166,20.73149],[105.93579,20.73145],[105.93575,20.7299],[105.94019,20.72834],[105.94177,20.73143],[105.94499,20.73132],[105.94477,20.73509],[105.94215,20.7351],[105.94243,20.7375],[105.94469,20.73701],[105.94457,20.73897],[105.9526,20.74207],[105.95345,20.74326],[105.96686,20.7418],[105.9671,20.75773],[105.96924,20.76869],[105.96731,20.77387],[105.96561,20.77594],[105.96105,20.77881],[105.95648,20.78017],[105.93525,20.78382],[105.92874,20.78595],[105.92483,20.78828],[105.92249,20.79095],[105.91844,20.7978]]]]}},{"type":"Feature","properties":{"ward_id":"09739","ward":"Phúc Lộc","unit_type":"Xã","area_km2_source":41.15,"population_source":61457,"density_source":1493.49,"center_lon_source":105.57473,"center_lat_source":21.13781,"admin_geography_version":"Hanoi wards/communes effective 2025-07-01"},"geometry":{"type":"MultiPolygon","coordinates":[[[[105.62606,21.17137],[105.62433,21.17368],[105.57514,21.1643],[105.57489,21.16125],[105.57089,21.16122],[105.57081,21.16037],[105.55392,21.15909],[105.53333,21.15544],[105.52831,21.15514],[105.51514,21.15657],[105.5153,21.15232],[105.51708,21.15207],[105.51557,21.1447],[105.51609,21.14012],[105.52076,21.13918],[105.52215,21.13551],[105.5242,21.13511],[105.5246,21.13393],[105.52616,21.13434],[105.52907,21.13295],[105.53156,21.13404],[105.53409,21.13296],[105.53536,21.12547],[105.53901,21.12272],[105.54948,21.11961],[105.55445,21.12085],[105.55925,21.1209],[105.56162,21.11718],[105.56303,21.11754],[105.56261,21.12084],[105.56185,21.12156],[105.56431,21.12131],[105.56382,21.12235],[105.57048,21.12563],[105.57337,21.12871],[105.57309,21.12956],[105.57461,21.13152],[105.57299,21.13287],[105.57447,21.1331],[105.575,21.13455],[105.57611,21.13481],[105.57921,21.1383],[105.58177,21.13505],[105.58465,21.13485],[105.5848,21.13276],[105.58694,21.13116],[105.58569,21.12862],[105.58648,21.12828],[105.58605,21.12768],[105.58814,21.12642],[105.59075,21.13173],[105.59126,21.13464],[105.59636,21.13429],[105.60015,21.13202],[105.60684,21.13944],[105.61051,21.13593],[105.61384,21.13482],[105.61576,21.13558],[105.6174,21.13738],[105.621,21.1364],[105.6217,21.13767],[105.62377,21.13678],[105.62564,21.14042],[105.62287,21.14153],[105.62368,21.14294],[105.62476,21.14264],[105.62549,21.14386],[105.62725,21.14306],[105.62771,21.14399],[105.62606,21.17137]]]]}},{"type":"Feature","properties":{"ward_id":"00136","ward":"Phúc Lợi","unit_type":"Phường","area_km2_source":10.41,"population_source":66790,"density_source":6415.95,"center_lon_source":105.92164,"center_lat_source":21.04555,"admin_geography_version":"Hanoi wards/communes effective 2025-07-01"},"geometry":{"type":"MultiPolygon","coordinates":[[[[105.91996,21.05539],[105.91855,21.05808],[105.8947,21.04574],[105.89963,21.03691],[105.91378,21.03006],[105.92919,21.02489],[105.93349,21.03376],[105.93811,21.04007],[105.93649,21.04639],[105.93258,21.05739],[105.9233,21.05288],[105.92163,21.05524],[105.91996,21.05539]]]]}},{"type":"Feature","properties":{"ward_id":"10459","ward":"Phúc Sơn","unit_type":"Xã","area_km2_source":49.31,"population_source":54084,"density_source":1096.82,"center_lon_source":105.68111,"center_lat_source":20.78554,"admin_geography_version":"Hanoi wards/communes effective 2025-07-01"},"geometry":{"type":"MultiPolygon","coordinates":[[[[105.70973,20.82967],[105.70736,20.82977],[105.7068,20.8287],[105.69677,20.82821],[105.69666,20.82519],[105.6981,20.82045],[105.69915,20.81935],[105.6983,20.81751],[105.69735,20.81714],[105.69731,20.81598],[105.6951,20.81559],[105.69409,20.81292],[105.69269,20.81215],[105.68592,20.81277],[105.68599,20.81346],[105.68448,20.81409],[105.68181,20.81406],[105.68159,20.81265],[105.67987,20.81432],[105.67779,20.81463],[105.67358,20.81458],[105.67181,20.81368],[105.67043,20.81583],[105.66716,20.81777],[105.66688,20.81652],[105.66927,20.81507],[105.66908,20.81451],[105.66769,20.8157],[105.66821,20.81376],[105.66734,20.81288],[105.66306,20.81534],[105.66237,20.81528],[105.66205,20.81376],[105.65991,20.81389],[105.6631,20.80814],[105.64942,20.80901],[105.65053,20.80235],[105.65053,20.79416],[105.64795,20.79354],[105.64866,20.79091],[105.64803,20.78695],[105.64847,20.77882],[105.64768,20.77688],[105.64777,20.77626],[105.64954,20.77602],[105.64885,20.77486],[105.64903,20.7698],[105.64836,20.76924],[105.6487,20.76595],[105.64982,20.76448],[105.64928,20.76204],[105.65101,20.75807],[105.65116,20.7539],[105.65378,20.75265],[105.6544,20.74761],[105.65701,20.74378],[105.65769,20.74101],[105.6599,20.74047],[105.66558,20.73507],[105.66691,20.73471],[105.66938,20.73707],[105.67087,20.73694],[105.67171,20.73478],[105.67489,20.7326],[105.67735,20.73405],[105.67943,20.73346],[105.6821,20.73932],[105.6822,20.74234],[105.68565,20.74444],[105.68478,20.74596],[105.68506,20.74703],[105.68304,20.74829],[105.68372,20.76026],[105.68857,20.7578],[105.69032,20.76555],[105.70104,20.76429],[105.70072,20.76248],[105.70171,20.76238],[105.70164,20.76102],[105.70267,20.76101],[105.70341,20.76372],[105.70579,20.76007],[105.71109,20.76367],[105.71414,20.76067],[105.71724,20.7631],[105.71881,20.7619],[105.72496,20.76963],[105.72619,20.77457],[105.72523,20.7776],[105.71665,20.78316],[105.71441,20.78726],[105.70525,20.79847],[105.70974,20.81164],[105.70964,20.81453],[105.70718,20.8185],[105.70659,20.82326],[105.70728,20.82524],[105.71058,20.82668],[105.70973,20.82967]]]]}},{"type":"Feature","properties":{"ward_id":"00466","ward":"Phúc Thịnh","unit_type":"Xã","area_km2_source":42.63,"population_source":95951,"density_source":2250.79,"center_lon_source":105.80656,"center_lat_source":21.16789,"admin_geography_version":"Hanoi wards/communes effective 2025-07-01"},"geometry":{"type":"MultiPolygon","coordinates":[[[[105.85555,21.18899],[105.855,21.19293],[105.84634,21.18894],[105.83996,21.19033],[105.83503,21.1862],[105.8292,21.18843],[105.82327,21.18711],[105.81901,21.18471],[105.81644,21.18421],[105.81297,21.18486],[105.81294,21.18581],[105.81508,21.18652],[105.81536,21.1875],[105.81433,21.18937],[105.81206,21.19097],[105.80873,21.19095],[105.80301,21.18782],[105.80073,21.18743],[105.79951,21.18795],[105.79724,21.19144],[105.79525,21.19254],[105.79301,21.19224],[105.79042,21.19067],[105.78797,21.18631],[105.78833,21.18518],[105.79039,21.18397],[105.78975,21.18203],[105.79089,21.18174],[105.79049,21.18023],[105.78807,21.1799],[105.7879,21.17887],[105.78503,21.17947],[105.78465,21.17794],[105.78367,21.17759],[105.78014,21.1787],[105.78009,21.17752],[105.77543,21.17897],[105.77521,21.17816],[105.77404,21.1784],[105.77387,21.17783],[105.77194,21.17818],[105.77081,21.17358],[105.77144,21.16931],[105.77046,21.16928],[105.77179,21.14935],[105.77103,21.1481],[105.77249,21.14596],[105.77353,21.14762],[105.77774,21.15023],[105.78309,21.15227],[105.79291,21.14934],[105.79734,21.15342],[105.79986,21.15446],[105.80276,21.15262],[105.8061,21.14486],[105.80651,21.14133],[105.80514,21.13975],[105.80402,21.13559],[105.80664,21.13359],[105.80814,21.13124],[105.80938,21.13098],[105.80858,21.1296],[105.80929,21.12788],[105.80772,21.12701],[105.80768,21.12463],[105.8271,21.12455],[105.82707,21.13076],[105.83497,21.13125],[105.842,21.13232],[105.84362,21.13322],[105.84625,21.15137],[105.84657,21.16346],[105.84793,21.16308],[105.85234,21.17799],[105.8562,21.17783],[105.85618,21.17911],[105.85317,21.18059],[105.85555,21.18899]]]]}},{"type":"Feature","properties":{"ward_id":"09715","ward":"Phúc Thọ","unit_type":"Xã","area_km2_source":39.66,"population_source":75425,"density_source":1901.79,"center_lon_source":105.55812,"center_lat_source":21.11036,"admin_geography_version":"Hanoi wards/communes effective 2025-07-01"},"geometry":{"type":"MultiPolygon","coordinates":[[[[105.6107,21.13469],[105.61146,21.13541],[105.60684,21.13944],[105.60015,21.13202],[105.59636,21.13429],[105.59126,21.13464],[105.59075,21.13173],[105.58814,21.12642],[105.58605,21.12768],[105.58648,21.12828],[105.58569,21.12862],[105.58694,21.13116],[105.5848,21.13276],[105.58465,21.13485],[105.58177,21.13505],[105.57921,21.1383],[105.57611,21.13481],[105.575,21.13455],[105.57447,21.1331],[105.57299,21.13287],[105.57461,21.13152],[105.57309,21.12956],[105.57337,21.12871],[105.57048,21.12563],[105.56382,21.12235],[105.56431,21.12131],[105.56185,21.12156],[105.56261,21.12084],[105.56303,21.11754],[105.56162,21.11718],[105.55925,21.1209],[105.55445,21.12085],[105.54948,21.11961],[105.5404,21.1221],[105.53536,21.12547],[105.53409,21.13296],[105.53156,21.13404],[105.52907,21.13295],[105.52616,21.13434],[105.52362,21.13393],[105.52099,21.13245],[105.51854,21.12892],[105.51776,21.12973],[105.51677,21.12948],[105.51574,21.12789],[105.51462,21.12898],[105.51365,21.12867],[105.51197,21.12519],[105.50459,21.12305],[105.50527,21.11997],[105.5033,21.11764],[105.50313,21.11633],[105.50186,21.11694],[105.50246,21.11445],[105.50104,21.11398],[105.50067,21.11293],[105.503,21.10704],[105.50614,21.10691],[105.50541,21.10486],[105.50628,21.10383],[105.50544,21.10166],[105.50292,21.09904],[105.50061,21.0984],[105.50184,21.09711],[105.5012,21.09576],[105.50359,21.095],[105.50557,21.09553],[105.50739,21.09645],[105.50773,21.09773],[105.51143,21.09507],[105.51019,21.09401],[105.51443,21.09022],[105.5168,21.0922],[105.51735,21.09032],[105.52155,21.09015],[105.52227,21.08907],[105.52411,21.089],[105.52719,21.08935],[105.52846,21.09141],[105.53011,21.09073],[105.53935,21.09105],[105.54049,21.0936],[105.54355,21.09615],[105.54376,21.09501],[105.54508,21.09447],[105.54663,21.09491],[105.54714,21.09415],[105.54939,21.09399],[105.54981,21.09695],[105.55113,21.09663],[105.55192,21.09729],[105.55246,21.09644],[105.55398,21.09719],[105.55484,21.09623],[105.55738,21.10195],[105.56319,21.10002],[105.57392,21.10007],[105.57542,21.09964],[105.57551,21.09469],[105.57667,21.09279],[105.57539,21.08837],[105.57669,21.08619],[105.57492,21.08208],[105.57839,21.07909],[105.58152,21.07813],[105.58311,21.07507],[105.5919,21.07666],[105.59195,21.07751],[105.59354,21.07777],[105.59226,21.07986],[105.59129,21.08473],[105.59269,21.08472],[105.59362,21.08622],[105.59252,21.08672],[105.59308,21.08867],[105.59254,21.09057],[105.59311,21.09228],[105.59402,21.09258],[105.59291,21.09665],[105.5937,21.09831],[105.5929,21.10664],[105.58957,21.10667],[105.5893,21.10796],[105.59052,21.1088],[105.59031,21.10997],[105.59631,21.11083],[105.5972,21.12068],[105.59884,21.12059],[105.6022,21.11795],[105.60468,21.11255],[105.60668,21.11376],[105.60632,21.12013],[105.60514,21.12013],[105.60503,21.12106],[105.60596,21.1267],[105.60531,21.13014],[105.60756,21.13049],[105.60738,21.13162],[105.60858,21.13164],[105.6107,21.13469]]]]}},{"type":"Feature","properties":{"ward_id":"10279","ward":"Phượng Dực","unit_type":"Xã","area_km2_source":44.69,"population_source":60281,"density_source":1348.87,"center_lon_source":105.83398,"center_lat_source":20.77036,"admin_geography_version":"Hanoi wards/communes effective 2025-07-01"},"geometry":{"type":"MultiPolygon","coordinates":[[[[105.82636,20.8058],[105.82518,20.80712],[105.81689,20.80456],[105.82073,20.79503],[105.82004,20.79463],[105.8185,20.79402],[105.81384,20.80183],[105.80984,20.79859],[105.81039,20.79754],[105.80889,20.79673],[105.80991,20.79494],[105.80831,20.79235],[105.81121,20.78734],[105.807,20.78053],[105.80504,20.77957],[105.80268,20.77954],[105.80288,20.77825],[105.80442,20.77854],[105.80556,20.77574],[105.80344,20.77498],[105.8036,20.77129],[105.79953,20.77082],[105.79814,20.76554],[105.79715,20.76574],[105.79635,20.76142],[105.79206,20.76268],[105.79223,20.75869],[105.79374,20.75871],[105.79373,20.75036],[105.7946,20.75052],[105.79459,20.74929],[105.79847,20.74918],[105.80327,20.75058],[105.80781,20.74544],[105.81002,20.74427],[105.81114,20.7458],[105.81326,20.74454],[105.81363,20.74312],[105.81532,20.74169],[105.82025,20.73921],[105.82214,20.74138],[105.82546,20.73872],[105.82486,20.73759],[105.82628,20.73691],[105.83597,20.74037],[105.83675,20.74043],[105.83677,20.73926],[105.84285,20.74053],[105.84398,20.74158],[105.84517,20.74499],[105.84885,20.74522],[105.85314,20.74801],[105.84931,20.75347],[105.84959,20.75827],[105.85572,20.75784],[105.85726,20.7594],[105.85845,20.75915],[105.86665,20.76271],[105.87097,20.76247],[105.87539,20.75895],[105.88113,20.77275],[105.8833,20.77269],[105.88583,20.77116],[105.88693,20.77231],[105.8882,20.7713],[105.88971,20.77199],[105.88681,20.78114],[105.88492,20.78048],[105.88415,20.78249],[105.88198,20.78165],[105.879,20.78333],[105.88043,20.78414],[105.87794,20.7859],[105.87649,20.78498],[105.86851,20.78985],[105.87244,20.79581],[105.86027,20.79963],[105.85813,20.79941],[105.853,20.80179],[105.84368,20.79645],[105.83438,20.79499],[105.83151,20.80605],[105.82636,20.8058]]]]}},{"type":"Feature","properties":{"ward_id":"00352","ward":"Phương Liệt","unit_type":"Phường","area_km2_source":3.2,"population_source":81977,"density_source":25617.81,"center_lon_source":105.83079,"center_lat_source":20.99021,"admin_geography_version":"Hanoi wards/communes effective 2025-07-01"},"geometry":{"type":"MultiPolygon","coordinates":[[[[105.83459,20.9837],[105.84106,20.9837],[105.84129,20.99782],[105.82289,21.00241],[105.82185,20.99927],[105.8218,20.99246],[105.82856,20.98493],[105.83044,20.98392],[105.83459,20.9837]]]]}},{"type":"Feature","properties":{"ward_id":"10072","ward":"Quảng Bị","unit_type":"Xã","area_km2_source":37.14,"population_source":62968,"density_source":1695.42,"center_lon_source":105.69203,"center_lat_source":20.87548,"admin_geography_version":"Hanoi wards/communes effective 2025-07-01"},"geometry":{"type":"MultiPolygon","coordinates":[[[[105.67415,20.89956],[105.67296,20.89938],[105.67392,20.89772],[105.67048,20.89746],[105.66958,20.89655],[105.66997,20.89555],[105.66808,20.89583],[105.66794,20.89653],[105.66625,20.89603],[105.66684,20.89478],[105.66558,20.89471],[105.66492,20.89351],[105.65844,20.89151],[105.6564,20.89154],[105.65538,20.89249],[105.65545,20.89161],[105.65369,20.89006],[105.65159,20.89033],[105.65015,20.88698],[105.64659,20.88595],[105.6458,20.88403],[105.64746,20.88292],[105.6469,20.88167],[105.64975,20.88024],[105.64862,20.87653],[105.64925,20.87504],[105.65016,20.87499],[105.65395,20.87912],[105.66066,20.87917],[105.66221,20.87589],[105.66343,20.8767],[105.66392,20.87609],[105.6659,20.87638],[105.6666,20.87388],[105.66385,20.87299],[105.66401,20.87142],[105.66505,20.87058],[105.66891,20.87197],[105.67054,20.8695],[105.6724,20.86986],[105.67296,20.87112],[105.6738,20.87028],[105.67892,20.86377],[105.68102,20.85738],[105.68526,20.85251],[105.68553,20.84961],[105.68446,20.84553],[105.68514,20.84409],[105.68905,20.84357],[105.6925,20.8459],[105.69662,20.84602],[105.69835,20.84831],[105.70653,20.84761],[105.70899,20.85113],[105.71065,20.8506],[105.71138,20.85229],[105.71137,20.85349],[105.7097,20.85354],[105.70921,20.85678],[105.7116,20.85569],[105.71244,20.85816],[105.71442,20.85796],[105.71627,20.85927],[105.72552,20.8545],[105.72713,20.8508],[105.72856,20.85148],[105.73315,20.84492],[105.73585,20.84492],[105.74058,20.84653],[105.74991,20.84662],[105.75602,20.84858],[105.75618,20.85144],[105.75356,20.85439],[105.7418,20.85913],[105.73619,20.86296],[105.73216,20.86666],[105.72889,20.87177],[105.72834,20.87475],[105.7292,20.87586],[105.73471,20.87289],[105.73738,20.87474],[105.73835,20.87685],[105.73915,20.88611],[105.7371,20.89091],[105.73502,20.89287],[105.7307,20.89384],[105.7235,20.89331],[105.72258,20.8943],[105.72312,20.89585],[105.7183,20.89828],[105.70068,20.89854],[105.70076,20.89581],[105.70404,20.88546],[105.70139,20.8854],[105.70044,20.88734],[105.69777,20.88714],[105.69774,20.88809],[105.69654,20.88887],[105.69674,20.8902],[105.68748,20.8897],[105.68674,20.89064],[105.68326,20.88788],[105.68067,20.89214],[105.67677,20.89081],[105.67693,20.89289],[105.67515,20.89511],[105.67532,20.89894],[105.67415,20.89956]]]]}},{"type":"Feature","properties":{"ward_id":"08974","ward":"Quang Minh","unit_type":"Xã","area_km2_source":32.17,"population_source":69623,"density_source":2164.22,"center_lon_source":105.76892,"center_lat_source":21.19407,"admin_geography_version":"Hanoi wards/communes effective 2025-07-01"},"geometry":{"type":"MultiPolygon","coordinates":[[[[105.75465,21.22192],[105.75343,21.22257],[105.75186,21.22675],[105.74721,21.22908],[105.74266,21.22404],[105.72811,21.20449],[105.71138,21.18875],[105.71434,21.18428],[105.73217,21.16838],[105.77144,21.16931],[105.77081,21.17358],[105.77194,21.17818],[105.77387,21.17783],[105.77404,21.1784],[105.77521,21.17816],[105.77543,21.17897],[105.78009,21.17752],[105.78014,21.1787],[105.78367,21.17759],[105.78465,21.17794],[105.78503,21.17947],[105.7879,21.17887],[105.78807,21.1799],[105.79049,21.18023],[105.79089,21.18174],[105.78975,21.18203],[105.79039,21.18397],[105.78833,21.18518],[105.78797,21.18631],[105.79042,21.19067],[105.78795,21.1968],[105.78519,21.19833],[105.77733,21.20047],[105.77094,21.20575],[105.76983,21.20834],[105.76931,21.21389],[105.76464,21.21313],[105.76197,21.21366],[105.75927,21.21706],[105.75831,21.22291],[105.75465,21.22192]]]]}},{"type":"Feature","properties":{"ward_id":"09619","ward":"Quảng Oai","unit_type":"Xã","area_km2_source":49.26,"population_source":59001,"density_source":1197.75,"center_lon_source":105.42657,"center_lat_source":21.16889,"admin_geography_version":"Hanoi wards/communes effective 2025-07-01"},"geometry":{"type":"MultiPolygon","coordinates":[[[[105.42882,21.21405],[105.42076,21.21653],[105.41987,21.21873],[105.41828,21.21649],[105.41867,21.21498],[105.41998,21.21452],[105.4189,21.21235],[105.41909,21.20675],[105.41739,21.20544],[105.41588,21.20694],[105.41367,21.20423],[105.41454,21.20176],[105.40846,21.19567],[105.40955,21.19547],[105.40925,21.19465],[105.41099,21.19118],[105.40367,21.18669],[105.40306,21.18504],[105.40409,21.18499],[105.40439,21.1842],[105.40138,21.18256],[105.39693,21.18175],[105.39574,21.17993],[105.39371,21.18029],[105.39195,21.18201],[105.39195,21.18046],[105.39092,21.18043],[105.39186,21.17894],[105.39115,21.17768],[105.38326,21.17728],[105.38307,21.17588],[105.38162,21.17536],[105.38068,21.17373],[105.37933,21.17317],[105.37636,21.17453],[105.37449,21.17152],[105.37658,21.16655],[105.38018,21.16588],[105.38294,21.16436],[105.38771,21.15698],[105.39156,21.1558],[105.39244,21.15457],[105.39416,21.15491],[105.39431,21.15384],[105.39842,21.15002],[105.40007,21.14665],[105.40314,21.14342],[105.40496,21.14322],[105.40523,21.14571],[105.40637,21.14561],[105.40906,21.13833],[105.41299,21.13664],[105.41682,21.13943],[105.41713,21.13883],[105.41895,21.13916],[105.41951,21.14173],[105.42069,21.14167],[105.42027,21.14336],[105.42153,21.14403],[105.42268,21.14628],[105.42708,21.14836],[105.43047,21.15191],[105.43554,21.15123],[105.43825,21.14851],[105.43996,21.14924],[105.4406,21.14781],[105.44524,21.14815],[105.44572,21.14629],[105.44922,21.14675],[105.44936,21.14534],[105.4483,21.14402],[105.45074,21.1427],[105.45357,21.14533],[105.45091,21.14683],[105.45055,21.14743],[105.45131,21.14783],[105.45242,21.14658],[105.45606,21.14529],[105.45595,21.14589],[105.45753,21.14638],[105.4576,21.14819],[105.4585,21.14922],[105.46084,21.15006],[105.46145,21.15234],[105.46036,21.15351],[105.46135,21.15353],[105.46197,21.15629],[105.46373,21.15583],[105.46417,21.15688],[105.46285,21.15873],[105.46612,21.16094],[105.46499,21.16217],[105.46579,21.16194],[105.46596,21.16302],[105.46719,21.16345],[105.46716,21.16573],[105.46657,21.16607],[105.46776,21.16845],[105.46913,21.16785],[105.46983,21.16894],[105.47489,21.17173],[105.46778,21.17791],[105.46764,21.18169],[105.46116,21.18582],[105.45492,21.19346],[105.45259,21.19485],[105.4398,21.20813],[105.43903,21.20974],[105.43886,21.21759],[105.43078,21.21412],[105.42882,21.21405]]]]}},{"type":"Feature","properties":{"ward_id":"09895","ward":"Quốc Oai","unit_type":"Xã","area_km2_source":24,"population_source":63344,"density_source":2639.33,"center_lon_source":105.64564,"center_lat_source":21.00757,"admin_geography_version":"Hanoi wards/communes effective 2025-07-01"},"geometry":{"type":"MultiPolygon","coordinates":[[[[105.64788,21.04394],[105.64791,21.04609],[105.64735,21.04611],[105.64653,21.0438],[105.64398,21.04388],[105.64323,21.0409],[105.64304,21.04396],[105.63478,21.04437],[105.63426,21.04385],[105.63547,21.04113],[105.63449,21.04114],[105.63441,21.03664],[105.63227,21.0369],[105.63212,21.03547],[105.63309,21.03508],[105.63063,21.02704],[105.63415,21.02505],[105.63261,21.02236],[105.62787,21.01756],[105.63154,21.01392],[105.63307,21.01342],[105.63573,21.0153],[105.63829,21.01302],[105.63824,21.01216],[105.63962,21.01161],[105.64015,21.00291],[105.62935,21.00226],[105.62683,21.0062],[105.62541,21.00507],[105.62364,21.00702],[105.61469,21.00365],[105.61438,21.00126],[105.62766,21.00178],[105.62928,21.00094],[105.6324,20.99689],[105.62998,20.99546],[105.63174,20.99326],[105.63311,20.99347],[105.63319,20.99197],[105.63518,20.99008],[105.63367,20.9889],[105.6318,20.99207],[105.63001,20.99107],[105.63018,20.98976],[105.62947,20.9893],[105.63048,20.98676],[105.62995,20.98623],[105.6318,20.98437],[105.63138,20.983],[105.6323,20.98243],[105.63049,20.97966],[105.63258,20.97742],[105.63021,20.97663],[105.63077,20.97506],[105.62904,20.9732],[105.63126,20.97055],[105.63146,20.97168],[105.63265,20.97126],[105.63811,20.97368],[105.63847,20.97583],[105.63698,20.97924],[105.64109,20.97996],[105.64078,20.98157],[105.64357,20.98224],[105.64297,20.98328],[105.64645,20.98606],[105.64717,20.98546],[105.64862,20.98824],[105.64832,20.98895],[105.65301,20.9904],[105.6553,20.98943],[105.65521,20.98807],[105.65652,20.98807],[105.65636,20.9898],[105.65935,20.98996],[105.66107,20.98805],[105.65904,20.98446],[105.66178,20.98409],[105.66211,20.98189],[105.66426,20.98215],[105.6651,20.98286],[105.66507,20.98574],[105.66608,20.98673],[105.66749,20.99476],[105.66697,20.99867],[105.66404,21.00247],[105.66326,21.00609],[105.66418,21.00697],[105.66373,21.00773],[105.66735,21.01009],[105.67064,21.00967],[105.6746,21.0075],[105.67596,21.00762],[105.67744,21.00905],[105.67749,21.01032],[105.67663,21.01044],[105.67727,21.01927],[105.66876,21.02375],[105.66918,21.02612],[105.66803,21.02658],[105.66701,21.03047],[105.66513,21.03159],[105.66583,21.03205],[105.66543,21.03325],[105.65471,21.03735],[105.65446,21.03952],[105.65305,21.04023],[105.65274,21.04221],[105.65112,21.04309],[105.65088,21.04416],[105.65027,21.04417],[105.64833,21.04019],[105.64747,21.0406],[105.64671,21.04282],[105.64788,21.04301],[105.64788,21.04394]]]]}},{"type":"Feature","properties":{"ward_id":"00376","ward":"Sóc Sơn","unit_type":"Xã","area_km2_source":68.24,"population_source":117876,"density_source":1727.37,"center_lon_source":105.85686,"center_lat_source":21.24919,"admin_geography_version":"Hanoi wards/communes effective 2025-07-01"},"geometry":{"type":"MultiPolygon","coordinates":[[[[105.84181,21.29534],[105.8402,21.29641],[105.83977,21.29813],[105.83334,21.30201],[105.82845,21.30019],[105.82819,21.29794],[105.82448,21.29395],[105.82376,21.28944],[105.8222,21.2876],[105.82314,21.2849],[105.82185,21.28094],[105.82168,21.27744],[105.82267,21.27649],[105.8233,21.27165],[105.82446,21.2715],[105.82127,21.2695],[105.8201,21.26586],[105.82096,21.26287],[105.82338,21.26221],[105.82429,21.26087],[105.82504,21.25745],[105.82426,21.25712],[105.82534,21.25589],[105.82591,21.25182],[105.82309,21.24915],[105.82017,21.24949],[105.81956,21.2483],[105.81659,21.24755],[105.81561,21.24463],[105.81615,21.24134],[105.81502,21.24082],[105.8154,21.2394],[105.81396,21.23877],[105.81432,21.23807],[105.8056,21.23423],[105.80826,21.22908],[105.81307,21.22754],[105.8117,21.2234],[105.82257,21.21969],[105.82805,21.21593],[105.82756,21.21433],[105.82474,21.21184],[105.81852,21.21333],[105.81711,21.20888],[105.82222,21.2081],[105.82238,21.20144],[105.82508,21.20122],[105.82495,21.19805],[105.83393,21.19804],[105.83498,21.1929],[105.8384,21.18929],[105.84072,21.19042],[105.84525,21.18884],[105.84826,21.1895],[105.85833,21.19452],[105.86073,21.19649],[105.86239,21.19935],[105.86419,21.20029],[105.86689,21.20075],[105.86693,21.1983],[105.86859,21.19743],[105.8719,21.19815],[105.87274,21.20078],[105.87149,21.20361],[105.87169,21.20712],[105.87244,21.20719],[105.87521,21.20187],[105.87986,21.20322],[105.87965,21.20411],[105.88104,21.20596],[105.88069,21.21039],[105.88165,21.21113],[105.8828,21.21078],[105.88251,21.2122],[105.88477,21.21357],[105.8843,21.21621],[105.88547,21.21703],[105.88567,21.21885],[105.88377,21.21984],[105.88307,21.21814],[105.87857,21.21932],[105.87247,21.22242],[105.87276,21.2242],[105.86607,21.22569],[105.86184,21.22834],[105.86195,21.23198],[105.86204,21.23406],[105.86397,21.23293],[105.86931,21.23569],[105.87008,21.2388],[105.87281,21.23911],[105.8736,21.24311],[105.8749,21.24214],[105.88051,21.24131],[105.88105,21.24431],[105.88278,21.24498],[105.88371,21.24451],[105.88453,21.24592],[105.88573,21.24539],[105.8873,21.24694],[105.88752,21.24828],[105.88527,21.2519],[105.88429,21.25557],[105.8849,21.25605],[105.88465,21.25854],[105.88554,21.25895],[105.88557,21.26305],[105.88468,21.2617],[105.88401,21.26215],[105.88454,21.26425],[105.88311,21.26647],[105.88333,21.26812],[105.88104,21.27177],[105.88184,21.27534],[105.88088,21.27643],[105.87933,21.27513],[105.87892,21.27753],[105.87904,21.27831],[105.88042,21.27841],[105.8816,21.27775],[105.88231,21.27599],[105.8843,21.27582],[105.88458,21.28177],[105.88683,21.28238],[105.8862,21.28344],[105.88658,21.28486],[105.88547,21.28546],[105.88642,21.28578],[105.88617,21.28728],[105.88736,21.2887],[105.88326,21.29355],[105.87954,21.29449],[105.8769,21.29287],[105.8738,21.29399],[105.87324,21.29355],[105.87268,21.29527],[105.87124,21.29412],[105.86644,21.29277],[105.86513,21.28727],[105.86216,21.28799],[105.8591,21.28718],[105.85945,21.28801],[105.85772,21.28912],[105.85636,21.29225],[105.85732,21.29433],[105.85166,21.29762],[105.85053,21.29715],[105.85,21.29865],[105.84642,21.2961],[105.84181,21.29534]]]]}},{"type":"Feature","properties":{"ward_id":"09871","ward":"Sơn Đồng","unit_type":"Xã","area_km2_source":21.57,"population_source":63267,"density_source":2933.1,"center_lon_source":105.70543,"center_lat_source":21.02821,"admin_geography_version":"Hanoi wards/communes effective 2025-07-01"},"geometry":{"type":"MultiPolygon","coordinates":[[[[105.70075,21.0506],[105.70051,21.05136],[105.69269,21.05132],[105.69263,21.03504],[105.6935,21.03483],[105.6945,21.03237],[105.69668,21.03051],[105.69565,21.03003],[105.68996,21.03095],[105.68856,21.0303],[105.68794,21.03131],[105.68544,21.03203],[105.68361,21.03133],[105.68237,21.03304],[105.68219,21.03073],[105.68101,21.03023],[105.6819,21.02892],[105.67963,21.02524],[105.679,21.02556],[105.67803,21.02398],[105.67456,21.02586],[105.6722,21.02178],[105.67727,21.01927],[105.67656,21.01493],[105.67724,21.01355],[105.67658,21.01342],[105.67664,21.01028],[105.67749,21.01032],[105.67741,21.00898],[105.67584,21.00755],[105.6746,21.0075],[105.67064,21.00967],[105.66601,21.00964],[105.66373,21.00773],[105.66418,21.00697],[105.66326,21.00638],[105.66403,21.00253],[105.68858,21.00485],[105.716,21.01072],[105.73254,21.01056],[105.73298,21.01109],[105.73238,21.0122],[105.73415,21.01562],[105.73253,21.01671],[105.73139,21.0169],[105.73125,21.01634],[105.72973,21.01795],[105.73442,21.02254],[105.73575,21.02158],[105.73707,21.02328],[105.73466,21.025],[105.73489,21.02636],[105.73809,21.02753],[105.73734,21.03136],[105.7386,21.03164],[105.73897,21.03253],[105.73842,21.03657],[105.73487,21.03685],[105.73357,21.03827],[105.73404,21.04059],[105.73358,21.04329],[105.73244,21.04364],[105.73205,21.04469],[105.73252,21.0457],[105.7301,21.04716],[105.72836,21.04621],[105.72712,21.0448],[105.72535,21.04002],[105.72303,21.04007],[105.72333,21.03823],[105.72144,21.03763],[105.72119,21.03536],[105.72011,21.03409],[105.71522,21.0337],[105.71226,21.03426],[105.71076,21.03581],[105.71036,21.03538],[105.70481,21.04459],[105.70503,21.04706],[105.7041,21.04723],[105.70411,21.05058],[105.70075,21.0506]]]]}},{"type":"Feature","properties":{"ward_id":"09574","ward":"Sơn Tây","unit_type":"Phường","area_km2_source":23.08,"population_source":71301,"density_source":3089.3,"center_lon_source":105.48562,"center_lat_source":21.14153,"admin_geography_version":"Hanoi wards/communes effective 2025-07-01"},"geometry":{"type":"MultiPolygon","coordinates":[[[[105.47943,21.16823],[105.47489,21.17173],[105.46983,21.16894],[105.46913,21.16785],[105.46776,21.16845],[105.46657,21.16607],[105.46716,21.16573],[105.46719,21.16345],[105.46596,21.16302],[105.46579,21.16194],[105.46499,21.16217],[105.46612,21.16094],[105.46285,21.15873],[105.46417,21.15688],[105.46373,21.15583],[105.46197,21.15629],[105.46135,21.15353],[105.46036,21.15351],[105.46145,21.15234],[105.46084,21.15006],[105.4585,21.14922],[105.4576,21.14819],[105.45753,21.14638],[105.45579,21.14521],[105.45242,21.14658],[105.45131,21.14783],[105.45055,21.14743],[105.45534,21.14422],[105.45594,21.1412],[105.45703,21.14402],[105.45906,21.1414],[105.45892,21.13899],[105.4603,21.13788],[105.47536,21.13192],[105.48047,21.13109],[105.48456,21.13233],[105.49114,21.12402],[105.49169,21.12141],[105.49538,21.11632],[105.49535,21.11271],[105.49813,21.11316],[105.49778,21.11533],[105.49893,21.11646],[105.49744,21.11691],[105.49956,21.11887],[105.50073,21.11753],[105.50235,21.11856],[105.50341,21.1178],[105.50534,21.12015],[105.50459,21.12305],[105.50585,21.12391],[105.50742,21.12345],[105.5091,21.12485],[105.51094,21.12458],[105.51237,21.12556],[105.51337,21.12851],[105.51462,21.12898],[105.51574,21.12789],[105.51776,21.12973],[105.51854,21.12892],[105.52099,21.13245],[105.52458,21.13401],[105.5242,21.13511],[105.52215,21.13551],[105.52076,21.13918],[105.51609,21.14012],[105.51557,21.1447],[105.51708,21.15207],[105.5153,21.15232],[105.51514,21.15657],[105.49271,21.16023],[105.4866,21.16292],[105.47943,21.16823]]]]}},{"type":"Feature","properties":{"ward_id":"09694","ward":"Suối Hai","unit_type":"Xã","area_km2_source":51.56,"population_source":35201,"density_source":682.72,"center_lon_source":105.37618,"center_lat_source":21.12118,"admin_geography_version":"Hanoi wards/communes effective 2025-07-01"},"geometry":{"type":"MultiPolygon","coordinates":[[[[105.39161,21.15526],[105.38662,21.15786],[105.38294,21.16436],[105.38018,21.16588],[105.37658,21.16656],[105.37072,21.15821],[105.37055,21.15031],[105.36781,21.14675],[105.36621,21.14091],[105.36342,21.1399],[105.36353,21.13792],[105.35652,21.13769],[105.35601,21.13928],[105.35393,21.14079],[105.35173,21.14162],[105.34944,21.14095],[105.34734,21.1428],[105.34588,21.14568],[105.34128,21.14149],[105.33951,21.14275],[105.33804,21.14191],[105.33609,21.14408],[105.33689,21.14629],[105.33239,21.1486],[105.3321,21.14993],[105.32891,21.14701],[105.32928,21.14547],[105.3272,21.14574],[105.3267,21.1447],[105.32605,21.14538],[105.32493,21.14452],[105.32399,21.14507],[105.32231,21.14323],[105.31876,21.14224],[105.31972,21.13911],[105.32241,21.13706],[105.31989,21.13616],[105.31838,21.13397],[105.32001,21.13265],[105.31969,21.13141],[105.32203,21.12653],[105.32601,21.1245],[105.32718,21.12281],[105.3306,21.12072],[105.33012,21.11819],[105.33107,21.11744],[105.32975,21.11329],[105.33416,21.11226],[105.33822,21.11268],[105.34361,21.10968],[105.34277,21.10848],[105.34438,21.10665],[105.34421,21.1055],[105.34593,21.10188],[105.35537,21.09705],[105.35896,21.10084],[105.36152,21.10576],[105.36145,21.10721],[105.36421,21.10908],[105.36648,21.10872],[105.36766,21.11112],[105.36778,21.11006],[105.36916,21.10981],[105.37302,21.1115],[105.37151,21.10724],[105.37594,21.10417],[105.37439,21.09862],[105.37119,21.09678],[105.37061,21.09456],[105.37131,21.09352],[105.37318,21.09396],[105.37702,21.09749],[105.37916,21.09623],[105.37942,21.09322],[105.37763,21.09142],[105.37718,21.08794],[105.37571,21.0856],[105.37869,21.08465],[105.38197,21.08235],[105.38229,21.08335],[105.38162,21.08398],[105.38368,21.08339],[105.38287,21.08429],[105.38482,21.08419],[105.38549,21.08582],[105.39033,21.08793],[105.39156,21.08952],[105.39177,21.09174],[105.39385,21.09168],[105.39577,21.09279],[105.39838,21.09213],[105.39953,21.09414],[105.40181,21.09458],[105.40232,21.0963],[105.40485,21.09546],[105.40534,21.09632],[105.40468,21.09778],[105.41221,21.10243],[105.41893,21.1014],[105.42299,21.10444],[105.42565,21.10405],[105.42633,21.10551],[105.42368,21.10474],[105.42379,21.10545],[105.43019,21.10662],[105.43079,21.10958],[105.42964,21.10997],[105.42962,21.11598],[105.42842,21.11786],[105.42989,21.1181],[105.43108,21.12007],[105.42531,21.12193],[105.42605,21.12202],[105.42617,21.12413],[105.42745,21.12512],[105.42597,21.12577],[105.42453,21.12509],[105.4249,21.12773],[105.42412,21.1309],[105.42249,21.13093],[105.42189,21.13237],[105.42024,21.13243],[105.41944,21.13323],[105.41963,21.13497],[105.41538,21.13459],[105.41352,21.13634],[105.40906,21.13833],[105.40637,21.14561],[105.40523,21.14571],[105.40496,21.14322],[105.40314,21.14342],[105.40007,21.14665],[105.39842,21.15002],[105.39431,21.15384],[105.39416,21.15491],[105.39244,21.15457],[105.39161,21.15526]]]]}},{"type":"Feature","properties":{"ward_id":"10144","ward":"Tam Hưng","unit_type":"Xã","area_km2_source":29.45,"population_source":39087,"density_source":1327.23,"center_lon_source":105.79736,"center_lat_source":20.87894,"admin_geography_version":"Hanoi wards/communes effective 2025-07-01"},"geometry":{"type":"MultiPolygon","coordinates":[[[[105.79147,20.91513],[105.7903,20.91717],[105.78826,20.91504],[105.78573,20.90269],[105.7874,20.90185],[105.78713,20.90021],[105.78641,20.90014],[105.78717,20.89942],[105.78532,20.89903],[105.78524,20.89253],[105.78276,20.89309],[105.78261,20.89207],[105.78195,20.89245],[105.78065,20.89087],[105.77573,20.89137],[105.77539,20.89034],[105.77449,20.89036],[105.7735,20.8874],[105.77292,20.88746],[105.77079,20.87916],[105.77192,20.87756],[105.7684,20.87434],[105.76749,20.86985],[105.76892,20.8698],[105.77081,20.86533],[105.77192,20.86599],[105.77806,20.85986],[105.78077,20.86187],[105.78163,20.86039],[105.78234,20.86094],[105.78488,20.85824],[105.79066,20.85518],[105.79287,20.85231],[105.7947,20.85216],[105.79559,20.84798],[105.79911,20.84665],[105.79962,20.84474],[105.80145,20.84349],[105.80124,20.84196],[105.80014,20.84194],[105.80019,20.84017],[105.80404,20.84072],[105.81405,20.83957],[105.82356,20.84153],[105.82146,20.85358],[105.82207,20.85642],[105.82004,20.85689],[105.81957,20.85841],[105.82083,20.85897],[105.82064,20.8602],[105.82443,20.86143],[105.82254,20.86591],[105.82431,20.86984],[105.81546,20.87022],[105.81536,20.87079],[105.81679,20.87395],[105.81549,20.87797],[105.81617,20.88063],[105.81432,20.8809],[105.81581,20.8861],[105.81421,20.8871],[105.81278,20.89358],[105.81323,20.89526],[105.81495,20.89532],[105.81339,20.89606],[105.81289,20.89801],[105.81629,20.89935],[105.81603,20.90221],[105.8069,20.90979],[105.80439,20.90974],[105.80314,20.91244],[105.79812,20.9131],[105.7969,20.91188],[105.79517,20.91294],[105.79457,20.91494],[105.79147,20.91513]]]]}},{"type":"Feature","properties":{"ward_id":"00103","ward":"Tây Hồ","unit_type":"Phường","area_km2_source":10.72,"population_source":100122,"density_source":9339.74,"center_lon_source":105.82411,"center_lat_source":21.056,"admin_geography_version":"Hanoi wards/communes effective 2025-07-01"},"geometry":{"type":"MultiPolygon","coordinates":[[[[105.83807,21.04809],[105.8402,21.05064],[105.83292,21.06093],[105.83166,21.06413],[105.8292,21.06487],[105.82627,21.06836],[105.82563,21.07288],[105.82054,21.07754],[105.81661,21.08454],[105.81191,21.07713],[105.80456,21.06241],[105.80499,21.04855],[105.80575,21.04756],[105.81061,21.04617],[105.81574,21.04244],[105.82245,21.04196],[105.82843,21.0396],[105.83071,21.04161],[105.83525,21.04183],[105.83665,21.0467],[105.83807,21.04809]]]]}},{"type":"Feature","properties":{"ward_id":"00634","ward":"Tây Mỗ","unit_type":"Phường","area_km2_source":5.56,"population_source":46894,"density_source":8434.17,"center_lon_source":105.75216,"center_lat_source":20.99852,"admin_geography_version":"Hanoi wards/communes effective 2025-07-01"},"geometry":{"type":"MultiPolygon","coordinates":[[[[105.76206,20.99534],[105.76284,21.00047],[105.76188,21.00308],[105.76278,21.00649],[105.74747,21.0095],[105.73052,21.01066],[105.73568,20.9933],[105.74152,20.99488],[105.7464,20.98954],[105.7529,20.99165],[105.75986,20.99193],[105.76206,20.99534]]]]}},{"type":"Feature","properties":{"ward_id":"10003","ward":"Tây Phương","unit_type":"Xã","area_km2_source":31.1,"population_source":99874,"density_source":3211.38,"center_lon_source":105.60673,"center_lat_source":21.03597,"admin_geography_version":"Hanoi wards/communes effective 2025-07-01"},"geometry":{"type":"MultiPolygon","coordinates":[[[[105.59354,21.07777],[105.59195,21.07751],[105.5919,21.07666],[105.58741,21.07592],[105.58773,21.07353],[105.59289,21.07385],[105.59406,21.07261],[105.59328,21.06408],[105.59191,21.06404],[105.59133,21.06249],[105.5935,21.05973],[105.5909,21.05955],[105.58799,21.05635],[105.58923,21.05307],[105.59068,21.05231],[105.59019,21.05019],[105.59187,21.04588],[105.59037,21.04332],[105.58776,21.04246],[105.58924,21.03916],[105.58749,21.03885],[105.58684,21.03664],[105.58517,21.03525],[105.58749,21.0324],[105.58557,21.03141],[105.58496,21.02945],[105.58304,21.02817],[105.58347,21.02568],[105.58598,21.02417],[105.58555,21.02293],[105.58625,21.02292],[105.58611,21.02367],[105.58737,21.0234],[105.58784,21.02427],[105.58889,21.02406],[105.59094,21.02186],[105.59223,21.02227],[105.59481,21.01936],[105.59383,21.01738],[105.59594,21.01338],[105.59395,21.0128],[105.5938,21.01186],[105.6011,21.00257],[105.6055,21.00282],[105.6054,21.00439],[105.60671,21.00432],[105.60682,21.00317],[105.60773,21.00325],[105.60826,21.00469],[105.61073,21.00523],[105.61041,21.0058],[105.6138,21.0061],[105.61497,21.00711],[105.61697,21.00447],[105.62364,21.00702],[105.62541,21.00507],[105.62683,21.0062],[105.62935,21.00226],[105.64015,21.00291],[105.63962,21.01161],[105.63824,21.01216],[105.63829,21.01302],[105.63573,21.0153],[105.63307,21.01342],[105.63154,21.01392],[105.62787,21.01756],[105.63261,21.02236],[105.63415,21.02505],[105.63063,21.02704],[105.63309,21.03508],[105.63212,21.03547],[105.63227,21.0369],[105.63441,21.03664],[105.63449,21.04114],[105.63547,21.04113],[105.63426,21.04385],[105.63478,21.04437],[105.63063,21.05151],[105.63195,21.05217],[105.62908,21.06012],[105.62417,21.06491],[105.61722,21.06788],[105.61634,21.06944],[105.61508,21.06855],[105.61573,21.06749],[105.60931,21.07242],[105.60727,21.07046],[105.60121,21.07325],[105.59496,21.07459],[105.59469,21.07654],[105.59354,21.07777]]]]}},{"type":"Feature","properties":{"ward_id":"00613","ward":"Tây Tựu","unit_type":"Phường","area_km2_source":7.54,"population_source":39436,"density_source":5230.24,"center_lon_source":105.74403,"center_lat_source":21.05917,"admin_geography_version":"Hanoi wards/communes effective 2025-07-01"},"geometry":{"type":"MultiPolygon","coordinates":[[[[105.7461,21.04858],[105.74556,21.05012],[105.7487,21.05223],[105.74788,21.0542],[105.7491,21.05474],[105.74872,21.05561],[105.7612,21.06022],[105.75558,21.06507],[105.75607,21.06695],[105.73984,21.07316],[105.72849,21.08245],[105.7241,21.07609],[105.72465,21.05974],[105.73703,21.05121],[105.7453,21.04773],[105.7461,21.04858]]]]}},{"type":"Feature","properties":{"ward_id":"09955","ward":"Thạch Thất","unit_type":"Xã","area_km2_source":31.93,"population_source":57645,"density_source":1805.36,"center_lon_source":105.5605,"center_lat_source":21.06242,"admin_geography_version":"Hanoi wards/communes effective 2025-07-01"},"geometry":{"type":"MultiPolygon","coordinates":[[[[105.55748,21.1019],[105.55484,21.09623],[105.55398,21.09719],[105.55246,21.09644],[105.55192,21.09729],[105.55113,21.09663],[105.54981,21.09695],[105.54939,21.09399],[105.54714,21.09415],[105.54663,21.09491],[105.54508,21.09447],[105.54376,21.09501],[105.54355,21.09615],[105.54049,21.0936],[105.53935,21.09105],[105.53011,21.09073],[105.52822,21.09136],[105.52719,21.08935],[105.52462,21.08942],[105.52489,21.08833],[105.52309,21.08792],[105.52406,21.08359],[105.52917,21.08219],[105.53071,21.08054],[105.53214,21.08052],[105.53251,21.0742],[105.53491,21.0746],[105.53798,21.07258],[105.5354,21.0725],[105.53557,21.07055],[105.53355,21.07051],[105.53107,21.06922],[105.52949,21.06615],[105.53046,21.06446],[105.5287,21.0637],[105.53035,21.06327],[105.53034,21.06216],[105.53167,21.06105],[105.53431,21.0608],[105.53359,21.05868],[105.53439,21.05707],[105.53619,21.05554],[105.53748,21.05223],[105.54068,21.05039],[105.54362,21.0518],[105.54643,21.05508],[105.5477,21.05476],[105.55319,21.05703],[105.55466,21.0564],[105.55961,21.05669],[105.56266,21.05874],[105.564,21.05816],[105.5633,21.05585],[105.5643,21.05545],[105.56424,21.05348],[105.56166,21.05013],[105.56197,21.04907],[105.56317,21.04878],[105.56293,21.04725],[105.56363,21.04631],[105.56264,21.04522],[105.56349,21.04359],[105.56175,21.04124],[105.5624,21.04071],[105.56406,21.04153],[105.56509,21.04091],[105.56566,21.04043],[105.56477,21.04026],[105.56451,21.03817],[105.56623,21.03822],[105.56656,21.03938],[105.56671,21.03786],[105.56758,21.03729],[105.56699,21.03667],[105.56567,21.03757],[105.5643,21.03717],[105.56365,21.03638],[105.56432,21.03426],[105.5634,21.03339],[105.56606,21.03276],[105.56658,21.03368],[105.57338,21.03374],[105.57381,21.03176],[105.57576,21.03192],[105.57691,21.03065],[105.57876,21.03379],[105.57802,21.03472],[105.57914,21.036],[105.58303,21.03597],[105.58394,21.03529],[105.58346,21.03711],[105.58455,21.03663],[105.58661,21.03735],[105.58764,21.03806],[105.58749,21.03885],[105.58924,21.03916],[105.58776,21.04246],[105.59037,21.04332],[105.59187,21.04588],[105.59019,21.05019],[105.59068,21.05231],[105.58923,21.05307],[105.58799,21.05635],[105.5909,21.05955],[105.5935,21.05973],[105.59133,21.06249],[105.59191,21.06404],[105.59328,21.06408],[105.59406,21.07261],[105.59289,21.07385],[105.58773,21.07353],[105.58741,21.07592],[105.58311,21.07507],[105.58152,21.07813],[105.57839,21.07909],[105.57492,21.08208],[105.57669,21.08619],[105.57539,21.08837],[105.57667,21.09279],[105.57551,21.09469],[105.57542,21.09964],[105.57168,21.10037],[105.56319,21.10002],[105.55748,21.1019]]]]}},{"type":"Feature","properties":{"ward_id":"00643","ward":"Thanh Liệt","unit_type":"Phường","area_km2_source":6.44,"population_source":76238,"density_source":11838.2,"center_lon_source":105.80803,"center_lat_source":20.96997,"admin_geography_version":"Hanoi wards/communes effective 2025-07-01"},"geometry":{"type":"MultiPolygon","coordinates":[[[[105.80659,20.97979],[105.80993,20.9825],[105.80326,20.99148],[105.79333,20.98444],[105.7924,20.98373],[105.79727,20.97798],[105.79859,20.97821],[105.79919,20.97518],[105.79641,20.97471],[105.79654,20.9738],[105.79371,20.9737],[105.7939,20.97162],[105.79216,20.96946],[105.79676,20.9631],[105.8136,20.95413],[105.81268,20.95341],[105.81689,20.94953],[105.82091,20.95555],[105.82122,20.95714],[105.81751,20.9597],[105.81375,20.95953],[105.81304,20.96011],[105.81811,20.963],[105.82332,20.96726],[105.82507,20.97152],[105.82165,20.9717],[105.82072,20.96972],[105.81783,20.96706],[105.80708,20.97321],[105.80889,20.97688],[105.80659,20.97979]]]]}},{"type":"Feature","properties":{"ward_id":"10114","ward":"Thanh Oai","unit_type":"Xã","area_km2_source":26.86,"population_source":54475,"density_source":2028.11,"center_lon_source":105.76661,"center_lat_source":20.84629,"admin_geography_version":"Hanoi wards/communes effective 2025-07-01"},"geometry":{"type":"MultiPolygon","coordinates":[[[[105.75179,20.87643],[105.75191,20.87732],[105.74905,20.87388],[105.74791,20.87522],[105.74616,20.87525],[105.74553,20.87383],[105.74315,20.8748],[105.74098,20.87421],[105.74056,20.87503],[105.73918,20.87395],[105.73793,20.87575],[105.73471,20.87289],[105.73115,20.87441],[105.7304,20.87575],[105.7285,20.87538],[105.72939,20.87072],[105.73358,20.86518],[105.7418,20.85913],[105.75356,20.85439],[105.75642,20.85039],[105.75602,20.84858],[105.75418,20.84761],[105.74991,20.84662],[105.74058,20.84653],[105.73689,20.84543],[105.73389,20.84288],[105.73376,20.84057],[105.73463,20.83937],[105.74038,20.83644],[105.747,20.83722],[105.76094,20.83689],[105.7613,20.83417],[105.75427,20.82695],[105.75251,20.82066],[105.76023,20.82072],[105.75962,20.82245],[105.76216,20.82196],[105.761,20.81978],[105.76171,20.81928],[105.76291,20.82067],[105.76418,20.81954],[105.76931,20.81308],[105.76904,20.8115],[105.77536,20.81222],[105.77568,20.81377],[105.77359,20.81978],[105.77729,20.82332],[105.78007,20.82319],[105.78524,20.82522],[105.78346,20.8286],[105.78487,20.82951],[105.78743,20.82581],[105.7874,20.82433],[105.792,20.82372],[105.79608,20.82643],[105.79578,20.827],[105.79853,20.8283],[105.79851,20.82934],[105.797,20.82903],[105.79625,20.83032],[105.7986,20.83154],[105.7958,20.8362],[105.79687,20.83964],[105.80019,20.84018],[105.80014,20.84194],[105.80124,20.84196],[105.80145,20.84349],[105.79962,20.84474],[105.79911,20.84665],[105.79559,20.84798],[105.7947,20.85216],[105.79287,20.85231],[105.79066,20.85518],[105.78488,20.85824],[105.78234,20.86094],[105.78163,20.86039],[105.78077,20.86187],[105.77806,20.85986],[105.77192,20.86599],[105.77081,20.86533],[105.76892,20.8698],[105.76751,20.86979],[105.75989,20.87477],[105.7518,20.87422],[105.75179,20.87643]]]]}},{"type":"Feature","properties":{"ward_id":"00640","ward":"Thanh Trì","unit_type":"Xã","area_km2_source":9.94,"population_source":51393,"density_source":5170.32,"center_lon_source":105.85881,"center_lat_source":20.94133,"admin_geography_version":"Hanoi wards/communes effective 2025-07-01"},"geometry":{"type":"MultiPolygon","coordinates":[[[[105.88647,20.94523],[105.87113,20.95658],[105.86959,20.9545],[105.86763,20.95356],[105.86631,20.95013],[105.86472,20.94903],[105.86404,20.94321],[105.85419,20.94719],[105.84888,20.94779],[105.84754,20.95211],[105.84414,20.95117],[105.84412,20.94304],[105.8424,20.94325],[105.84022,20.93828],[105.83609,20.93234],[105.83599,20.92845],[105.84424,20.92324],[105.84909,20.92504],[105.85986,20.92207],[105.85912,20.93217],[105.86675,20.93402],[105.88048,20.93489],[105.88197,20.93949],[105.88647,20.94523]]]]}},{"type":"Feature","properties":{"ward_id":"00367","ward":"Thanh Xuân","unit_type":"Phường","area_km2_source":3.24,"population_source":106316,"density_source":32813.58,"center_lon_source":105.8047,"center_lat_source":21.0014,"admin_geography_version":"Hanoi wards/communes effective 2025-07-01"},"geometry":{"type":"MultiPolygon","coordinates":[[[[105.81771,21.0025],[105.8149,21.00767],[105.81075,21.01061],[105.80862,21.00808],[105.80019,21.00226],[105.79763,21.0055],[105.79401,21.00308],[105.79682,20.99961],[105.79024,20.99476],[105.79561,20.99165],[105.79879,20.98832],[105.81807,21.00164],[105.81771,21.0025]]]]}},{"type":"Feature","properties":{"ward_id":"00493","ward":"Thiên Lộc","unit_type":"Xã","area_km2_source":27.96,"population_source":74597,"density_source":2667.99,"center_lon_source":105.77572,"center_lat_source":21.12853,"admin_geography_version":"Hanoi wards/communes effective 2025-07-01"},"geometry":{"type":"MultiPolygon","coordinates":[[[[105.80366,21.1493],[105.80276,21.15262],[105.79968,21.15449],[105.79734,21.15342],[105.79264,21.14929],[105.78309,21.15227],[105.77774,21.15023],[105.77353,21.14762],[105.76812,21.13788],[105.766,21.13611],[105.76053,21.13572],[105.75979,21.1336],[105.74407,21.13437],[105.7433,21.13162],[105.74207,21.13282],[105.74102,21.12883],[105.73899,21.12857],[105.73859,21.12515],[105.7372,21.12568],[105.73559,21.12387],[105.73599,21.12166],[105.73207,21.12187],[105.73689,21.11378],[105.7354,21.11323],[105.7414,21.10795],[105.74873,21.0997],[105.75173,21.09824],[105.76164,21.09918],[105.78846,21.09755],[105.78943,21.10242],[105.78842,21.10377],[105.78851,21.10636],[105.78747,21.10626],[105.78127,21.12544],[105.78448,21.12609],[105.79483,21.12467],[105.80768,21.12463],[105.80772,21.12701],[105.80929,21.12788],[105.80858,21.1296],[105.80939,21.13092],[105.80814,21.13124],[105.80664,21.13359],[105.80404,21.13554],[105.80514,21.13975],[105.80655,21.1417],[105.80551,21.14671],[105.80366,21.1493]]]]}},{"type":"Feature","properties":{"ward_id":"00475","ward":"Thư Lâm","unit_type":"Xã","area_km2_source":43.84,"population_source":102580,"density_source":2339.87,"center_lon_source":105.89647,"center_lat_source":21.17198,"admin_geography_version":"Hanoi wards/communes effective 2025-07-01"},"geometry":{"type":"MultiPolygon","coordinates":[[[[105.87539,21.20181],[105.87187,21.20725],[105.87149,21.20361],[105.87274,21.20078],[105.8719,21.19815],[105.86859,21.19743],[105.86693,21.1983],[105.86689,21.20075],[105.86419,21.20029],[105.86239,21.19935],[105.85928,21.19512],[105.855,21.19293],[105.85555,21.18899],[105.85317,21.18059],[105.85618,21.17911],[105.8562,21.17783],[105.85234,21.17799],[105.84793,21.16308],[105.84657,21.16346],[105.84638,21.15417],[105.85615,21.15051],[105.86324,21.1489],[105.89622,21.13586],[105.91528,21.11879],[105.9155,21.12206],[105.91492,21.12195],[105.91278,21.12648],[105.91423,21.1275],[105.91508,21.12638],[105.91927,21.12991],[105.91786,21.13205],[105.9219,21.1353],[105.92358,21.13312],[105.92458,21.13331],[105.92539,21.13629],[105.92382,21.13814],[105.92631,21.14049],[105.92649,21.14161],[105.92598,21.14212],[105.92671,21.14453],[105.92515,21.14511],[105.92559,21.147],[105.92338,21.14728],[105.92208,21.15186],[105.91953,21.15543],[105.92105,21.15964],[105.92289,21.16164],[105.92253,21.16318],[105.91923,21.16328],[105.91722,21.16772],[105.91786,21.16912],[105.91701,21.16967],[105.91686,21.17158],[105.91815,21.17159],[105.9181,21.17356],[105.92114,21.17376],[105.92082,21.17607],[105.92165,21.17702],[105.92021,21.17834],[105.92368,21.18273],[105.91535,21.18727],[105.91613,21.18882],[105.91226,21.19025],[105.91233,21.19236],[105.90711,21.19247],[105.90555,21.18289],[105.90023,21.18189],[105.90148,21.17813],[105.89619,21.17705],[105.89631,21.17829],[105.89848,21.18109],[105.89842,21.18297],[105.89643,21.18452],[105.89244,21.18422],[105.88924,21.1853],[105.88749,21.19018],[105.88079,21.18727],[105.8771,21.18668],[105.87613,21.18795],[105.87695,21.18912],[105.87974,21.18834],[105.88194,21.18931],[105.88586,21.19829],[105.89086,21.20117],[105.89197,21.20262],[105.89167,21.20344],[105.88667,21.2058],[105.88328,21.20351],[105.87837,21.20303],[105.87539,21.20181]]]]}},{"type":"Feature","properties":{"ward_id":"00562","ward":"Thuận An","unit_type":"Xã","area_km2_source":29.67,"population_source":68292,"density_source":2301.72,"center_lon_source":105.99642,"center_lat_source":21.03201,"admin_geography_version":"Hanoi wards/communes effective 2025-07-01"},"geometry":{"type":"MultiPolygon","coordinates":[[[[106.00664,21.06305],[106.00221,21.06955],[105.99541,21.0627],[105.99417,21.05781],[105.9939,21.04496],[105.9931,21.0423],[105.99097,21.0396],[105.98766,21.03948],[105.98481,21.0407],[105.97481,21.04691],[105.97015,21.0486],[105.96454,21.04659],[105.95011,21.0375],[105.93811,21.04007],[105.93378,21.03416],[105.95006,21.02205],[105.96071,21.01568],[105.96326,21.01893],[105.96622,21.02009],[105.97003,21.01597],[105.97289,21.01062],[105.97621,21.00161],[105.97896,20.99827],[105.98522,20.99691],[105.98723,20.99744],[105.99135,21.00103],[105.99967,20.99986],[106.00085,21.00119],[105.99953,21.00547],[106.00119,21.00567],[106.00132,21.00748],[106.00486,21.0085],[106.00847,21.00827],[106.0089,21.01051],[106.01016,21.01079],[106.0096,21.01239],[106.00446,21.01168],[106.00543,21.01344],[106.00488,21.01382],[106.00616,21.01509],[106.0032,21.01752],[106.00465,21.02209],[106.00697,21.02426],[106.00941,21.02437],[106.00657,21.02861],[106.01284,21.03025],[106.01748,21.0363],[106.01895,21.03907],[106.01761,21.03838],[106.01826,21.03997],[106.01932,21.0396],[106.02013,21.04148],[106.02003,21.04762],[106.01389,21.05095],[106.01525,21.05285],[106.01367,21.05378],[106.01432,21.05596],[106.01105,21.05697],[106.01134,21.0582],[106.01014,21.05772],[106.00986,21.05601],[106.00823,21.05553],[106.00789,21.05855],[106.00957,21.06232],[106.00862,21.06431],[106.00664,21.06305]]]]}},{"type":"Feature","properties":{"ward_id":"00598","ward":"Thượng Cát","unit_type":"Phường","area_km2_source":14.77,"population_source":24692,"density_source":1671.77,"center_lon_source":105.74226,"center_lat_source":21.0908,"admin_geography_version":"Hanoi wards/communes effective 2025-07-01"},"geometry":{"type":"MultiPolygon","coordinates":[[[[105.74286,21.10643],[105.7414,21.10795],[105.73178,21.10107],[105.72995,21.10086],[105.72939,21.09948],[105.72622,21.09906],[105.72514,21.09664],[105.72694,21.094],[105.72613,21.09343],[105.72614,21.08924],[105.72693,21.08799],[105.72657,21.08531],[105.72791,21.08444],[105.72791,21.08292],[105.73984,21.07316],[105.75943,21.06563],[105.76098,21.06768],[105.76129,21.07121],[105.77172,21.07155],[105.77055,21.09008],[105.77233,21.09844],[105.76164,21.09918],[105.75186,21.0982],[105.74873,21.0997],[105.74286,21.10643]]]]}},{"type":"Feature","properties":{"ward_id":"10231","ward":"Thượng Phúc","unit_type":"Xã","area_km2_source":28.91,"population_source":45464,"density_source":1572.6,"center_lon_source":105.85897,"center_lat_source":20.83486,"admin_geography_version":"Hanoi wards/communes effective 2025-07-01"},"geometry":{"type":"MultiPolygon","coordinates":[[[[105.84566,20.86182],[105.84483,20.86074],[105.84579,20.86022],[105.84517,20.8592],[105.84712,20.85759],[105.8473,20.85499],[105.84009,20.85266],[105.83889,20.8533],[105.83487,20.84757],[105.82931,20.84599],[105.8283,20.83729],[105.8263,20.83557],[105.82914,20.82717],[105.82709,20.82734],[105.8302,20.8252],[105.83714,20.82359],[105.83646,20.82188],[105.83662,20.81746],[105.84144,20.81475],[105.84124,20.81357],[105.83894,20.81389],[105.83853,20.81136],[105.83951,20.80982],[105.83861,20.80493],[105.83673,20.80494],[105.83675,20.80022],[105.83318,20.80031],[105.83438,20.79499],[105.84368,20.79645],[105.853,20.80179],[105.85813,20.79941],[105.86027,20.79963],[105.87244,20.79581],[105.87302,20.79633],[105.87317,20.80239],[105.87227,20.80946],[105.87304,20.80958],[105.87292,20.81164],[105.87355,20.81166],[105.87273,20.8192],[105.87261,20.82006],[105.86907,20.82001],[105.86778,20.83021],[105.8769,20.8313],[105.88406,20.83384],[105.88361,20.83657],[105.88487,20.83672],[105.88455,20.8403],[105.88842,20.84074],[105.88846,20.84187],[105.89027,20.84199],[105.88965,20.84778],[105.89133,20.84889],[105.88784,20.85047],[105.88147,20.84761],[105.88048,20.85022],[105.87746,20.84954],[105.87707,20.85044],[105.87358,20.85019],[105.87304,20.85137],[105.8739,20.85159],[105.87256,20.85452],[105.87195,20.85412],[105.87149,20.85604],[105.87053,20.85578],[105.86805,20.8575],[105.8664,20.85688],[105.86683,20.85556],[105.86439,20.85495],[105.86563,20.85829],[105.86373,20.85761],[105.86283,20.85942],[105.85597,20.85753],[105.85448,20.8611],[105.84812,20.85923],[105.84799,20.86079],[105.84566,20.86182]]]]}},{"type":"Feature","properties":{"ward_id":"10183","ward":"Thường Tín","unit_type":"Xã","area_km2_source":28.29,"population_source":70739,"density_source":2500.49,"center_lon_source":105.84153,"center_lat_source":20.87502,"admin_geography_version":"Hanoi wards/communes effective 2025-07-01"},"geometry":{"type":"MultiPolygon","coordinates":[[[[105.84262,20.90168],[105.83703,20.90389],[105.83359,20.90415],[105.83274,20.90322],[105.83297,20.90138],[105.83094,20.90094],[105.8288,20.89713],[105.82639,20.89801],[105.82729,20.89939],[105.82699,20.90063],[105.8256,20.90056],[105.82556,20.90289],[105.82342,20.90351],[105.81558,20.90271],[105.81629,20.89935],[105.81289,20.89801],[105.81339,20.89606],[105.81495,20.89532],[105.81323,20.89526],[105.81305,20.89014],[105.81421,20.8871],[105.81581,20.8861],[105.81432,20.8809],[105.81617,20.88063],[105.81549,20.87797],[105.81679,20.87395],[105.81543,20.87163],[105.81546,20.87022],[105.82431,20.86984],[105.82254,20.86591],[105.82443,20.86143],[105.82064,20.8602],[105.82083,20.85897],[105.81957,20.85841],[105.82004,20.85689],[105.82207,20.85642],[105.82146,20.85358],[105.82356,20.84153],[105.82182,20.8412],[105.82412,20.83719],[105.8263,20.83557],[105.8283,20.83729],[105.82931,20.84599],[105.83487,20.84757],[105.83889,20.8533],[105.84009,20.85266],[105.8473,20.85499],[105.84712,20.85759],[105.84517,20.8592],[105.84579,20.86022],[105.84483,20.86074],[105.84553,20.86185],[105.84799,20.86079],[105.84812,20.85923],[105.85448,20.8611],[105.85597,20.85753],[105.86262,20.85943],[105.86373,20.85761],[105.86563,20.85829],[105.8663,20.86],[105.86508,20.86238],[105.8659,20.86263],[105.86604,20.8638],[105.86782,20.8642],[105.86753,20.86547],[105.86829,20.86566],[105.86818,20.86707],[105.86623,20.86701],[105.86696,20.86997],[105.86959,20.87025],[105.86975,20.87169],[105.87572,20.87091],[105.87593,20.8727],[105.87504,20.87273],[105.87536,20.88177],[105.87428,20.88179],[105.87478,20.88982],[105.87106,20.89056],[105.87162,20.89245],[105.86698,20.89329],[105.86348,20.89083],[105.86108,20.89078],[105.85883,20.8923],[105.8576,20.89559],[105.8553,20.89546],[105.85157,20.89891],[105.84262,20.90168]]]]}},{"type":"Feature","properties":{"ward_id":"08995","ward":"Tiến Thắng","unit_type":"Xã","area_km2_source":36.34,"population_source":64246,"density_source":1767.91,"center_lon_source":105.68142,"center_lat_source":21.21995,"admin_geography_version":"Hanoi wards/communes effective 2025-07-01"},"geometry":{"type":"MultiPolygon","coordinates":[[[[105.66857,21.23491],[105.66749,21.23896],[105.66666,21.23946],[105.6637,21.23619],[105.66145,21.23497],[105.65664,21.23483],[105.6521,21.23811],[105.64771,21.23662],[105.64488,21.23473],[105.64426,21.23254],[105.6453,21.22722],[105.64941,21.22702],[105.65146,21.22592],[105.65471,21.22754],[105.659,21.22326],[105.65897,21.22163],[105.65813,21.22024],[105.65436,21.21819],[105.64496,21.21554],[105.63919,21.21777],[105.6361,21.2175],[105.63602,21.21549],[105.63936,21.21171],[105.63957,21.2078],[105.63845,21.20725],[105.63831,21.20587],[105.6417,21.20658],[105.64499,21.20539],[105.65264,21.2066],[105.65369,21.20475],[105.65722,21.20339],[105.66082,21.20027],[105.66143,21.20067],[105.66445,21.19925],[105.66676,21.20122],[105.67802,21.19133],[105.6773,21.18901],[105.68412,21.18279],[105.68955,21.18649],[105.69089,21.18619],[105.70203,21.17595],[105.70436,21.18066],[105.71258,21.1901],[105.72811,21.20449],[105.74266,21.22404],[105.74721,21.22908],[105.74231,21.23148],[105.73776,21.23156],[105.7345,21.23303],[105.72473,21.22472],[105.72208,21.22751],[105.71968,21.22315],[105.71775,21.22276],[105.71568,21.22448],[105.71272,21.22263],[105.71171,21.2228],[105.71202,21.22228],[105.71064,21.22183],[105.71111,21.22061],[105.70989,21.21968],[105.70824,21.21957],[105.70753,21.2207],[105.7067,21.22023],[105.7051,21.22143],[105.70325,21.22128],[105.70177,21.2186],[105.70073,21.21985],[105.6985,21.21964],[105.69856,21.21839],[105.69728,21.21842],[105.69821,21.21354],[105.69568,21.21601],[105.69335,21.2215],[105.69023,21.21988],[105.68865,21.2215],[105.68589,21.22645],[105.68587,21.22966],[105.68273,21.23027],[105.68317,21.23189],[105.68852,21.23264],[105.68891,21.2335],[105.68807,21.23462],[105.68493,21.23547],[105.68146,21.23467],[105.67896,21.22876],[105.67637,21.22697],[105.67137,21.23038],[105.67538,21.23407],[105.67463,21.23623],[105.67336,21.23607],[105.67234,21.23377],[105.6706,21.23283],[105.66863,21.23332],[105.66857,21.23491]]]]}},{"type":"Feature","properties":{"ward_id":"10081","ward":"Trần Phú","unit_type":"Xã","area_km2_source":44.36,"population_source":47528,"density_source":1071.42,"center_lon_source":105.64128,"center_lat_source":20.83978,"admin_geography_version":"Hanoi wards/communes effective 2025-07-01"},"geometry":{"type":"MultiPolygon","coordinates":[[[[105.64139,20.88153],[105.64094,20.88186],[105.63886,20.88012],[105.63841,20.8808],[105.63646,20.88055],[105.63489,20.87514],[105.63317,20.87464],[105.63297,20.87547],[105.63174,20.87566],[105.63146,20.87409],[105.6296,20.87304],[105.63152,20.87122],[105.62944,20.86966],[105.63145,20.86986],[105.63182,20.86846],[105.63078,20.86803],[105.63113,20.86734],[105.62908,20.86747],[105.62844,20.86637],[105.62758,20.86719],[105.62613,20.8659],[105.6262,20.86524],[105.62531,20.86502],[105.62577,20.86279],[105.62397,20.8633],[105.62425,20.8622],[105.62515,20.86215],[105.62388,20.8616],[105.62379,20.85609],[105.62273,20.85627],[105.6219,20.85513],[105.62172,20.8531],[105.62261,20.85193],[105.6172,20.84898],[105.61315,20.84838],[105.60767,20.85087],[105.60152,20.85199],[105.59931,20.84972],[105.59998,20.84864],[105.60138,20.84912],[105.60254,20.84542],[105.60524,20.84711],[105.60604,20.84626],[105.60649,20.84781],[105.60752,20.84782],[105.60825,20.84684],[105.60804,20.84473],[105.61029,20.84211],[105.60802,20.83887],[105.61072,20.83739],[105.61167,20.8358],[105.61401,20.83559],[105.61592,20.83179],[105.61887,20.8319],[105.61784,20.83045],[105.62165,20.83187],[105.62409,20.83181],[105.62847,20.83432],[105.63204,20.83532],[105.63375,20.83696],[105.63378,20.83852],[105.63667,20.83937],[105.63523,20.8361],[105.63616,20.83532],[105.63536,20.83302],[105.63634,20.83196],[105.64168,20.83303],[105.6424,20.83107],[105.64054,20.82994],[105.6421,20.82758],[105.64193,20.82609],[105.64099,20.8254],[105.64119,20.82413],[105.6399,20.82406],[105.63654,20.82148],[105.63416,20.82217],[105.63362,20.8216],[105.63351,20.82215],[105.6328,20.8208],[105.63023,20.82081],[105.63038,20.81982],[105.63173,20.82042],[105.63224,20.81991],[105.63122,20.81712],[105.62877,20.81608],[105.62759,20.81662],[105.62722,20.8148],[105.62594,20.81469],[105.62803,20.81444],[105.62823,20.81543],[105.63048,20.81588],[105.63124,20.81492],[105.63098,20.81388],[105.63219,20.81375],[105.63112,20.81119],[105.63219,20.80987],[105.63306,20.80563],[105.63251,20.80298],[105.63431,20.80239],[105.63466,20.80058],[105.63317,20.79616],[105.63062,20.7937],[105.63371,20.79292],[105.63598,20.79531],[105.63744,20.79357],[105.6435,20.79252],[105.64501,20.79647],[105.64561,20.79653],[105.64652,20.79457],[105.6463,20.79232],[105.6482,20.79222],[105.64795,20.79354],[105.65053,20.79416],[105.65053,20.80235],[105.64942,20.80901],[105.6631,20.80814],[105.65991,20.81389],[105.65686,20.81452],[105.65817,20.81658],[105.66753,20.82205],[105.67035,20.82236],[105.67151,20.82431],[105.674,20.82429],[105.67482,20.82615],[105.67725,20.82699],[105.67898,20.82558],[105.68197,20.82714],[105.68352,20.8256],[105.68496,20.82591],[105.68521,20.82747],[105.68637,20.82787],[105.68535,20.8292],[105.69086,20.83118],[105.68975,20.83727],[105.68705,20.83721],[105.68676,20.8418],[105.68546,20.84116],[105.68575,20.84375],[105.68446,20.84553],[105.68553,20.84961],[105.68526,20.85251],[105.68102,20.85738],[105.67892,20.86377],[105.6738,20.87028],[105.67296,20.87112],[105.6724,20.86986],[105.67054,20.8695],[105.66891,20.87197],[105.66505,20.87058],[105.66401,20.87142],[105.66385,20.87299],[105.6666,20.87388],[105.6659,20.87638],[105.66392,20.87609],[105.66343,20.8767],[105.66221,20.87589],[105.66066,20.87917],[105.65355,20.87897],[105.64954,20.87492],[105.64862,20.87653],[105.64958,20.88039],[105.64139,20.88153]]]]}},{"type":"Feature","properties":{"ward_id":"00385","ward":"Trung Giã","unit_type":"Xã","area_km2_source":77.52,"population_source":61315,"density_source":790.96,"center_lon_source":105.83689,"center_lat_source":21.33608,"admin_geography_version":"Hanoi wards/communes effective 2025-07-01"},"geometry":{"type":"MultiPolygon","coordinates":[[[[105.80218,21.38459],[105.80087,21.38539],[105.79897,21.3815],[105.79667,21.38254],[105.79677,21.38109],[105.79525,21.38123],[105.79481,21.37968],[105.7923,21.37951],[105.79018,21.37792],[105.78933,21.37599],[105.78799,21.37585],[105.78967,21.3733],[105.78582,21.37045],[105.78687,21.36674],[105.78578,21.3611],[105.78467,21.35964],[105.78635,21.35731],[105.78618,21.35394],[105.7888,21.35171],[105.78966,21.34933],[105.79363,21.34576],[105.79762,21.34457],[105.79709,21.34064],[105.7979,21.33688],[105.79707,21.33565],[105.79859,21.33313],[105.79974,21.32858],[105.79746,21.32573],[105.79777,21.32424],[105.79425,21.32213],[105.79366,21.31753],[105.79078,21.31616],[105.78905,21.31418],[105.78848,21.30868],[105.78881,21.30314],[105.79302,21.30077],[105.79459,21.29415],[105.79919,21.28729],[105.8012,21.28549],[105.80783,21.28444],[105.80974,21.27722],[105.81812,21.28461],[105.8194,21.28774],[105.8222,21.2876],[105.82376,21.28944],[105.82448,21.29395],[105.82819,21.29794],[105.82845,21.30019],[105.83334,21.30201],[105.83977,21.29813],[105.8402,21.29641],[105.84181,21.29534],[105.84642,21.2961],[105.84986,21.29866],[105.85053,21.29715],[105.85166,21.29762],[105.85212,21.29682],[105.85528,21.29581],[105.85741,21.29421],[105.85636,21.29225],[105.85772,21.28912],[105.85945,21.28801],[105.8591,21.28718],[105.86216,21.28799],[105.86513,21.28727],[105.86644,21.29277],[105.87124,21.29412],[105.87268,21.29527],[105.87324,21.29355],[105.8738,21.29399],[105.8769,21.29287],[105.87954,21.29449],[105.88119,21.29434],[105.88175,21.29515],[105.8806,21.29862],[105.88127,21.29954],[105.88011,21.3004],[105.87956,21.30296],[105.881,21.30479],[105.88051,21.30793],[105.88159,21.31036],[105.88148,21.31279],[105.88463,21.31343],[105.88554,21.31463],[105.88758,21.31445],[105.89089,21.31554],[105.89194,21.31498],[105.89341,21.3163],[105.89615,21.317],[105.89619,21.31766],[105.89875,21.31742],[105.89942,21.32418],[105.89693,21.32751],[105.88933,21.32577],[105.8839,21.32747],[105.87557,21.32789],[105.87139,21.32966],[105.86836,21.32699],[105.86662,21.32846],[105.86571,21.33356],[105.86321,21.3364],[105.86295,21.3378],[105.85802,21.33873],[105.85564,21.34402],[105.85652,21.34596],[105.85877,21.34565],[105.85245,21.34899],[105.85262,21.35087],[105.85465,21.35245],[105.85185,21.35553],[105.85167,21.35716],[105.85369,21.35942],[105.85344,21.36251],[105.85494,21.36658],[105.85561,21.36763],[105.85718,21.36769],[105.85813,21.36863],[105.85826,21.37483],[105.85613,21.37605],[105.85169,21.37541],[105.84882,21.37778],[105.84461,21.37698],[105.83957,21.37743],[105.83855,21.37648],[105.83726,21.37661],[105.83603,21.37427],[105.83508,21.3734],[105.83399,21.37372],[105.83373,21.37297],[105.83177,21.37335],[105.83177,21.37426],[105.8304,21.37463],[105.83033,21.3757],[105.82978,21.37521],[105.82894,21.37608],[105.82532,21.37678],[105.82346,21.37824],[105.82138,21.37794],[105.82106,21.37941],[105.81664,21.38194],[105.81648,21.38305],[105.81366,21.38285],[105.81275,21.3806],[105.81156,21.38189],[105.80749,21.38297],[105.80486,21.38237],[105.80363,21.38394],[105.80398,21.38444],[105.80218,21.38459]]]]}},{"type":"Feature","properties":{"ward_id":"00592","ward":"Từ Liêm","unit_type":"Phường","area_km2_source":10.18,"population_source":119997,"density_source":11787.52,"center_lon_source":105.76974,"center_lat_source":21.02074,"admin_geography_version":"Hanoi wards/communes effective 2025-07-01"},"geometry":{"type":"MultiPolygon","coordinates":[[[[105.78715,21.00237],[105.79233,21.00518],[105.77898,21.02227],[105.77861,21.02485],[105.78055,21.0366],[105.77696,21.03683],[105.76147,21.0417],[105.76075,21.04003],[105.7584,21.03796],[105.75838,21.03021],[105.7543,21.02556],[105.75523,21.02233],[105.75397,21.0178],[105.76235,21.00998],[105.76319,21.00853],[105.76278,21.00649],[105.78276,21.00234],[105.78715,21.00237]]]]}},{"type":"Feature","properties":{"ward_id":"09604","ward":"Tùng Thiện","unit_type":"Phường","area_km2_source":32.34,"population_source":42052,"density_source":1300.31,"center_lon_source":105.45878,"center_lat_source":21.11887,"admin_geography_version":"Hanoi wards/communes effective 2025-07-01"},"geometry":{"type":"MultiPolygon","coordinates":[[[[105.43554,21.15123],[105.43047,21.15191],[105.42708,21.14836],[105.42268,21.14628],[105.42153,21.14403],[105.42027,21.14336],[105.42069,21.14167],[105.41951,21.14173],[105.41895,21.13916],[105.41713,21.13883],[105.41682,21.13943],[105.41299,21.13664],[105.41538,21.13459],[105.41963,21.13497],[105.41944,21.13323],[105.42024,21.13243],[105.42189,21.13237],[105.42249,21.13093],[105.42412,21.1309],[105.4249,21.12773],[105.42453,21.12509],[105.42597,21.12577],[105.42745,21.12512],[105.42617,21.12413],[105.42605,21.12202],[105.42531,21.12193],[105.43108,21.12007],[105.42989,21.1181],[105.42842,21.11786],[105.42962,21.11598],[105.42964,21.10997],[105.43079,21.10958],[105.43019,21.10662],[105.42379,21.10545],[105.42368,21.10474],[105.42633,21.10551],[105.42565,21.10405],[105.43032,21.10395],[105.43416,21.10118],[105.44173,21.10494],[105.44125,21.10339],[105.43989,21.10258],[105.44149,21.10201],[105.44273,21.09894],[105.44122,21.09776],[105.44515,21.09506],[105.44738,21.09827],[105.45112,21.09746],[105.45297,21.09998],[105.45909,21.10178],[105.46012,21.10337],[105.46237,21.10258],[105.47031,21.10311],[105.47045,21.10078],[105.47263,21.10278],[105.47251,21.10359],[105.47479,21.10254],[105.47442,21.10426],[105.47767,21.1061],[105.48031,21.10458],[105.48439,21.10542],[105.48536,21.10353],[105.48801,21.10159],[105.48757,21.09888],[105.48866,21.09707],[105.48801,21.09606],[105.48824,21.09403],[105.48863,21.09338],[105.49077,21.09322],[105.49182,21.09422],[105.4932,21.09426],[105.49347,21.09584],[105.49617,21.09519],[105.49787,21.09773],[105.50283,21.09897],[105.50544,21.10166],[105.50628,21.10383],[105.50541,21.10486],[105.50614,21.10691],[105.503,21.10704],[105.50067,21.11293],[105.50104,21.11398],[105.50246,21.11445],[105.50186,21.11694],[105.50313,21.11633],[105.50341,21.1178],[105.50235,21.11856],[105.50073,21.11753],[105.50023,21.11861],[105.49908,21.11866],[105.49744,21.11691],[105.49893,21.11646],[105.49778,21.11533],[105.49821,21.11322],[105.49535,21.11271],[105.49538,21.11632],[105.49169,21.12141],[105.49114,21.12402],[105.48456,21.13233],[105.48047,21.13109],[105.47536,21.13192],[105.4603,21.13788],[105.45892,21.13899],[105.45906,21.1414],[105.45703,21.14402],[105.45609,21.1412],[105.45573,21.14361],[105.45357,21.14533],[105.45074,21.1427],[105.4483,21.14402],[105.44936,21.14534],[105.44922,21.14675],[105.44572,21.14629],[105.44524,21.14815],[105.4406,21.14781],[105.43996,21.14924],[105.43825,21.14851],[105.43554,21.15123]]]]}},{"type":"Feature","properties":{"ward_id":"00322","ward":"Tương Mai","unit_type":"Phường","area_km2_source":3.56,"population_source":136292,"density_source":38284.27,"center_lon_source":105.8589,"center_lat_source":20.99131,"admin_geography_version":"Hanoi wards/communes effective 2025-07-01"},"geometry":{"type":"MultiPolygon","coordinates":[[[[105.85506,20.99538],[105.84129,20.99782],[105.84106,20.9836],[105.87539,20.98362],[105.87113,20.98524],[105.86644,20.98837],[105.86279,20.99222],[105.86227,20.99626],[105.85849,20.9952],[105.85506,20.99538]]]]}},{"type":"Feature","properties":{"ward_id":"10402","ward":"Ứng Hòa","unit_type":"Xã","area_km2_source":67.8,"population_source":63750,"density_source":940.27,"center_lon_source":105.84315,"center_lat_source":20.695,"admin_geography_version":"Hanoi wards/communes effective 2025-07-01"},"geometry":{"type":"MultiPolygon","coordinates":[[[[105.84454,20.74108],[105.84398,20.74158],[105.84285,20.74053],[105.83719,20.73929],[105.83675,20.74043],[105.83597,20.74037],[105.82628,20.73691],[105.82486,20.73759],[105.82546,20.73872],[105.82214,20.74138],[105.82025,20.73921],[105.8168,20.74089],[105.8153,20.73852],[105.81949,20.73587],[105.8204,20.73245],[105.81917,20.73145],[105.82001,20.72947],[105.81865,20.72854],[105.81914,20.72778],[105.81754,20.72546],[105.81638,20.71966],[105.81342,20.71233],[105.81397,20.71235],[105.81106,20.70732],[105.80464,20.70399],[105.80698,20.70071],[105.80169,20.6978],[105.80296,20.69588],[105.79885,20.69433],[105.79797,20.69531],[105.79677,20.69457],[105.79454,20.69716],[105.79326,20.69663],[105.7904,20.69484],[105.79058,20.6939],[105.79252,20.69149],[105.79433,20.69204],[105.79086,20.69001],[105.79535,20.68507],[105.79404,20.68411],[105.79622,20.68101],[105.79751,20.68158],[105.79999,20.67813],[105.79695,20.67554],[105.79945,20.67672],[105.80545,20.67044],[105.81492,20.67714],[105.81483,20.67789],[105.81969,20.67948],[105.81982,20.67857],[105.82242,20.67918],[105.8257,20.66697],[105.82515,20.66583],[105.82875,20.66294],[105.8313,20.66224],[105.83164,20.66122],[105.83331,20.66054],[105.83387,20.66181],[105.83959,20.65972],[105.84064,20.65846],[105.84022,20.65718],[105.84308,20.65619],[105.84832,20.65243],[105.84923,20.65325],[105.85277,20.64816],[105.85661,20.64522],[105.85926,20.64466],[105.86738,20.64541],[105.87687,20.64313],[105.88365,20.64447],[105.89201,20.64852],[105.89649,20.65171],[105.89611,20.66882],[105.89864,20.66839],[105.90322,20.66454],[105.90564,20.66466],[105.90546,20.66871],[105.90365,20.67106],[105.89465,20.67594],[105.89391,20.67935],[105.88625,20.67559],[105.88564,20.67909],[105.88342,20.67751],[105.88243,20.68506],[105.88394,20.68538],[105.88423,20.68788],[105.88537,20.68952],[105.8861,20.68901],[105.88786,20.6905],[105.89216,20.692],[105.89154,20.69326],[105.88931,20.69188],[105.88801,20.69542],[105.88721,20.69567],[105.88754,20.69627],[105.87695,20.7024],[105.87744,20.70327],[105.8769,20.70362],[105.87198,20.70555],[105.87349,20.70963],[105.87082,20.70895],[105.86871,20.70944],[105.86373,20.71396],[105.86016,20.71477],[105.86023,20.71876],[105.85469,20.72173],[105.85738,20.72485],[105.85447,20.73119],[105.84975,20.73265],[105.85057,20.73754],[105.84606,20.7369],[105.84572,20.74097],[105.84454,20.74108]]]]}},{"type":"Feature","properties":{"ward_id":"10369","ward":"Ứng Thiên","unit_type":"Xã","area_km2_source":38.4,"population_source":53962,"density_source":1405.26,"center_lon_source":105.76392,"center_lat_source":20.77284,"admin_geography_version":"Hanoi wards/communes effective 2025-07-01"},"geometry":{"type":"MultiPolygon","coordinates":[[[[105.72453,20.80728],[105.70903,20.80927],[105.70531,20.80007],[105.70539,20.79819],[105.71441,20.78726],[105.71665,20.78316],[105.72471,20.77809],[105.72569,20.77631],[105.7353,20.77789],[105.7387,20.77192],[105.73602,20.77037],[105.73791,20.76789],[105.73725,20.7668],[105.7439,20.76364],[105.74462,20.7628],[105.74365,20.76148],[105.74498,20.76059],[105.7444,20.75938],[105.74587,20.75887],[105.74535,20.75755],[105.74881,20.75646],[105.74634,20.75198],[105.75147,20.74979],[105.75625,20.7451],[105.76674,20.74685],[105.76726,20.74469],[105.76352,20.74349],[105.76375,20.74212],[105.76425,20.74079],[105.76854,20.74142],[105.76914,20.73718],[105.78041,20.73692],[105.78098,20.73868],[105.78714,20.73912],[105.78708,20.73824],[105.78826,20.73823],[105.78948,20.73999],[105.78843,20.74052],[105.78907,20.74824],[105.79459,20.74929],[105.7946,20.75052],[105.79373,20.75036],[105.79374,20.75871],[105.79223,20.75869],[105.79206,20.76268],[105.79635,20.76142],[105.79715,20.76574],[105.79814,20.76554],[105.79953,20.77082],[105.8036,20.77129],[105.80344,20.77498],[105.80556,20.77547],[105.80442,20.77854],[105.80288,20.77825],[105.80268,20.77954],[105.80649,20.78014],[105.79571,20.78322],[105.79087,20.7861],[105.78833,20.78903],[105.78587,20.78892],[105.78456,20.79166],[105.78233,20.79133],[105.7816,20.78938],[105.78008,20.78882],[105.77848,20.79024],[105.77686,20.7903],[105.77615,20.78782],[105.76863,20.78797],[105.76694,20.78276],[105.76588,20.78244],[105.76366,20.78529],[105.76449,20.78644],[105.76323,20.78704],[105.76354,20.78789],[105.75949,20.79014],[105.7573,20.78727],[105.75455,20.79128],[105.75309,20.79013],[105.75118,20.79245],[105.7488,20.7913],[105.74833,20.79169],[105.74483,20.78787],[105.74101,20.78992],[105.74155,20.79182],[105.73841,20.79315],[105.73926,20.79691],[105.73838,20.79783],[105.73836,20.80052],[105.73479,20.80899],[105.72453,20.80728]]]]}},{"type":"Feature","properties":{"ward_id":"10354","ward":"Vân Đình","unit_type":"Xã","area_km2_source":41.6,"population_source":60828,"density_source":1462.21,"center_lon_source":105.76763,"center_lat_source":20.7356,"admin_geography_version":"Hanoi wards/communes effective 2025-07-01"},"geometry":{"type":"MultiPolygon","coordinates":[[[[105.73629,20.77613],[105.7353,20.77789],[105.72569,20.77631],[105.72599,20.77283],[105.72447,20.7688],[105.71419,20.75683],[105.70788,20.75244],[105.69747,20.75096],[105.6964,20.74644],[105.69741,20.74209],[105.69829,20.74174],[105.70308,20.74309],[105.70846,20.74261],[105.73061,20.73693],[105.73211,20.73498],[105.73337,20.7288],[105.73038,20.72283],[105.7325,20.72182],[105.73536,20.72212],[105.74151,20.72658],[105.74484,20.72774],[105.75541,20.72871],[105.75963,20.73129],[105.76167,20.73154],[105.77012,20.72551],[105.77103,20.72338],[105.76922,20.72241],[105.77129,20.72077],[105.77249,20.72043],[105.7733,20.72231],[105.77439,20.72174],[105.77582,20.71699],[105.7753,20.71681],[105.77508,20.70645],[105.77731,20.70656],[105.78025,20.70034],[105.78181,20.69892],[105.79087,20.70244],[105.79333,20.69665],[105.79454,20.69716],[105.79677,20.69457],[105.79797,20.69531],[105.79885,20.69433],[105.80296,20.69588],[105.80169,20.6978],[105.80698,20.70071],[105.80464,20.70399],[105.81106,20.70732],[105.81397,20.71235],[105.81342,20.71233],[105.81638,20.71966],[105.81754,20.72546],[105.81914,20.72778],[105.81865,20.72854],[105.82001,20.72947],[105.81917,20.73145],[105.8204,20.73245],[105.81949,20.73587],[105.8153,20.73852],[105.8168,20.74089],[105.81114,20.7458],[105.81002,20.74427],[105.80781,20.74544],[105.80327,20.75058],[105.79847,20.74918],[105.78907,20.74824],[105.78843,20.74052],[105.78948,20.73999],[105.78826,20.73823],[105.78708,20.73824],[105.78714,20.73912],[105.78098,20.73868],[105.78041,20.73692],[105.76914,20.73718],[105.76854,20.74142],[105.76425,20.74079],[105.76375,20.74212],[105.76352,20.74349],[105.76726,20.74469],[105.76674,20.74685],[105.75625,20.7451],[105.75147,20.74979],[105.74634,20.75198],[105.74881,20.75646],[105.74535,20.75755],[105.74587,20.75887],[105.7444,20.75938],[105.74498,20.76059],[105.74365,20.76148],[105.74462,20.7628],[105.7439,20.76364],[105.73725,20.7668],[105.73791,20.76789],[105.73602,20.77037],[105.7387,20.77192],[105.73629,20.77613]]]]}},{"type":"Feature","properties":{"ward_id":"00226","ward":"Văn Miếu - Quốc Tử Giám","unit_type":"Phường","area_km2_source":1.92,"population_source":105604,"density_source":55002.08,"center_lon_source":105.83878,"center_lat_source":21.01581,"admin_geography_version":"Hanoi wards/communes effective 2025-07-01"},"geometry":{"type":"MultiPolygon","coordinates":[[[[105.84145,21.00849],[105.84159,21.02889],[105.83611,21.03043],[105.82981,21.01822],[105.83958,21.00844],[105.84145,21.00772],[105.84145,21.00849]]]]}},{"type":"Feature","properties":{"ward_id":"09664","ward":"Vật Lại","unit_type":"Xã","area_km2_source":51.75,"population_source":58579,"density_source":1131.96,"center_lon_source":105.39942,"center_lat_source":21.21499,"admin_geography_version":"Hanoi wards/communes effective 2025-07-01"},"geometry":{"type":"MultiPolygon","coordinates":[[[[105.43709,21.25146],[105.43501,21.2523],[105.43461,21.25107],[105.43359,21.2513],[105.43325,21.25038],[105.43253,21.25043],[105.43161,21.24684],[105.42933,21.24348],[105.42637,21.24255],[105.42629,21.24325],[105.42537,21.24314],[105.41501,21.23837],[105.4119,21.24064],[105.40746,21.24069],[105.40737,21.24144],[105.40468,21.24125],[105.40416,21.24056],[105.40243,21.24139],[105.39529,21.23778],[105.39121,21.24031],[105.38791,21.24014],[105.38446,21.23675],[105.37073,21.24605],[105.36907,21.24378],[105.36786,21.24379],[105.36708,21.24524],[105.36253,21.24433],[105.36206,21.24527],[105.36089,21.24396],[105.35337,21.24524],[105.34723,21.22638],[105.33927,21.21004],[105.34405,21.20827],[105.34397,21.20735],[105.35049,21.20718],[105.35332,21.20122],[105.35628,21.19964],[105.36917,21.1986],[105.36885,21.19155],[105.37383,21.18645],[105.37272,21.18071],[105.37334,21.17407],[105.37449,21.17152],[105.37636,21.17453],[105.37933,21.17317],[105.38068,21.17373],[105.38162,21.17536],[105.38307,21.17588],[105.38326,21.17728],[105.39115,21.17768],[105.39186,21.17894],[105.39092,21.18043],[105.39195,21.18046],[105.39195,21.18201],[105.39371,21.18029],[105.39574,21.17993],[105.39693,21.18175],[105.40152,21.18262],[105.40439,21.1842],[105.40409,21.18499],[105.40306,21.18504],[105.40367,21.18669],[105.41099,21.19118],[105.40925,21.19465],[105.40955,21.19547],[105.40846,21.19567],[105.41454,21.20176],[105.41367,21.20423],[105.41588,21.20694],[105.41739,21.20544],[105.41909,21.20675],[105.4189,21.21235],[105.41998,21.21452],[105.41831,21.2158],[105.41901,21.21801],[105.41987,21.21873],[105.42076,21.21653],[105.42951,21.2139],[105.43886,21.21759],[105.43855,21.22421],[105.44484,21.23423],[105.45167,21.23778],[105.44636,21.24431],[105.44557,21.25176],[105.43709,21.25146]]]]}},{"type":"Feature","properties":{"ward_id":"00127","ward":"Việt Hưng","unit_type":"Phường","area_km2_source":12.91,"population_source":83188,"density_source":6443.69,"center_lon_source":105.90632,"center_lat_source":21.06579,"admin_geography_version":"Hanoi wards/communes effective 2025-07-01"},"geometry":{"type":"MultiPolygon","coordinates":[[[[105.91001,21.07733],[105.89869,21.07966],[105.89507,21.07956],[105.88802,21.07735],[105.87807,21.07121],[105.88041,21.06766],[105.88355,21.05942],[105.88807,21.0553],[105.8947,21.04574],[105.91855,21.05808],[105.91952,21.0557],[105.92163,21.05524],[105.9233,21.05288],[105.93258,21.05739],[105.92828,21.06677],[105.92475,21.07181],[105.91854,21.07585],[105.91001,21.07733]]]]}},{"type":"Feature","properties":{"ward_id":"00301","ward":"Vĩnh Hưng","unit_type":"Phường","area_km2_source":4.47,"population_source":67561,"density_source":15114.32,"center_lon_source":105.88057,"center_lat_source":20.99334,"admin_geography_version":"Hanoi wards/communes effective 2025-07-01"},"geometry":{"type":"MultiPolygon","coordinates":[[[[105.8793,21.00068],[105.87403,21.00241],[105.872,21.00033],[105.87386,20.99683],[105.87408,20.99421],[105.87195,20.98939],[105.8689,20.9866],[105.88169,20.98113],[105.88931,20.97936],[105.89504,20.98587],[105.89203,20.99239],[105.89238,20.99601],[105.88405,21.00084],[105.8793,21.00068]]]]}},{"type":"Feature","properties":{"ward_id":"00508","ward":"Vĩnh Thanh","unit_type":"Xã","area_km2_source":22.52,"population_source":64698,"density_source":2872.91,"center_lon_source":105.81706,"center_lat_source":21.10622,"admin_geography_version":"Hanoi wards/communes effective 2025-07-01"},"geometry":{"type":"MultiPolygon","coordinates":[[[[105.79483,21.12467],[105.78448,21.12609],[105.78127,21.12544],[105.78747,21.10626],[105.78851,21.10636],[105.78842,21.10377],[105.78943,21.10242],[105.78846,21.09755],[105.81983,21.09402],[105.82674,21.09115],[105.8413,21.0814],[105.84688,21.08746],[105.84866,21.09375],[105.84668,21.09984],[105.84736,21.10038],[105.8457,21.10443],[105.85018,21.10724],[105.83673,21.12299],[105.83339,21.12445],[105.79483,21.12467]]]]}},{"type":"Feature","properties":{"ward_id":"00283","ward":"Vĩnh Tuy","unit_type":"Phường","area_km2_source":2.33,"population_source":90583,"density_source":38876.82,"center_lon_source":105.86927,"center_lat_source":20.9961,"admin_geography_version":"Hanoi wards/communes effective 2025-07-01"},"geometry":{"type":"MultiPolygon","coordinates":[[[[105.8699,20.9871],[105.87364,20.99256],[105.87386,20.99683],[105.872,21.00033],[105.87403,21.00241],[105.8716,21.00325],[105.86604,21.00856],[105.86075,21.00901],[105.86279,20.99222],[105.86781,20.98725],[105.8689,20.9866],[105.8699,20.9871]]]]}},{"type":"Feature","properties":{"ward_id":"00611","ward":"Xuân Đỉnh","unit_type":"Phường","area_km2_source":5.46,"population_source":48658,"density_source":8911.72,"center_lon_source":105.79356,"center_lat_source":21.06888,"admin_geography_version":"Hanoi wards/communes effective 2025-07-01"},"geometry":{"type":"MultiPolygon","coordinates":[[[[105.78912,21.07807],[105.78794,21.0792],[105.78604,21.07605],[105.78536,21.06867],[105.78235,21.05615],[105.78998,21.05678],[105.79003,21.05189],[105.80443,21.05185],[105.80456,21.06241],[105.80899,21.07038],[105.79832,21.07449],[105.79882,21.07565],[105.79445,21.07737],[105.7939,21.07622],[105.78912,21.07807]]]]}},{"type":"Feature","properties":{"ward_id":"10045","ward":"Xuân Mai","unit_type":"Xã","area_km2_source":50.72,"population_source":67310,"density_source":1327.09,"center_lon_source":105.59524,"center_lat_source":20.86765,"admin_geography_version":"Hanoi wards/communes effective 2025-07-01"},"geometry":{"type":"MultiPolygon","coordinates":[[[[105.58019,20.91538],[105.57944,20.91607],[105.57908,20.91507],[105.57711,20.91541],[105.57531,20.91352],[105.57238,20.9135],[105.56281,20.90887],[105.56006,20.90987],[105.55753,20.908],[105.56003,20.90552],[105.55703,20.90665],[105.55545,20.90476],[105.56338,20.89851],[105.56098,20.8979],[105.55961,20.89091],[105.55692,20.88959],[105.55493,20.88638],[105.55615,20.88371],[105.55269,20.88322],[105.5537,20.88259],[105.55401,20.87976],[105.55638,20.87956],[105.55936,20.88085],[105.56022,20.87955],[105.55914,20.87926],[105.55952,20.87745],[105.5606,20.87732],[105.56127,20.87546],[105.5634,20.87606],[105.56304,20.87381],[105.56358,20.87325],[105.56792,20.87258],[105.57123,20.86911],[105.57314,20.8691],[105.57361,20.86769],[105.57564,20.86632],[105.57547,20.86401],[105.5794,20.86146],[105.58018,20.86256],[105.58261,20.85918],[105.58541,20.8574],[105.58511,20.85459],[105.58628,20.8535],[105.5861,20.85124],[105.58768,20.84956],[105.58543,20.84488],[105.58627,20.84407],[105.58763,20.84549],[105.58812,20.8451],[105.58729,20.84285],[105.58524,20.84234],[105.58606,20.84027],[105.58353,20.83879],[105.58324,20.83752],[105.58145,20.83683],[105.58013,20.83328],[105.58037,20.83073],[105.57901,20.82802],[105.57933,20.82646],[105.57444,20.82209],[105.56617,20.82166],[105.56208,20.8227],[105.56011,20.81856],[105.5592,20.81243],[105.55467,20.80941],[105.5509,20.80922],[105.55203,20.80716],[105.55341,20.80646],[105.55578,20.80605],[105.55916,20.80825],[105.56429,20.80947],[105.56632,20.80841],[105.57158,20.80868],[105.57518,20.80793],[105.5813,20.81158],[105.58317,20.81183],[105.58368,20.81738],[105.58502,20.81914],[105.58774,20.8205],[105.58784,20.82274],[105.58663,20.8265],[105.58803,20.8313],[105.59472,20.83048],[105.59668,20.83172],[105.59772,20.83348],[105.59654,20.83483],[105.59711,20.83614],[105.59652,20.83734],[105.59776,20.83875],[105.5963,20.84152],[105.59773,20.84114],[105.59804,20.84184],[105.60009,20.8411],[105.6029,20.83793],[105.60412,20.83879],[105.60881,20.83795],[105.60799,20.839],[105.60891,20.83938],[105.60884,20.84069],[105.61029,20.84211],[105.60804,20.84473],[105.60791,20.84738],[105.60669,20.84789],[105.60643,20.84646],[105.60524,20.84711],[105.60237,20.84548],[105.60138,20.84912],[105.59942,20.84913],[105.59971,20.85063],[105.60152,20.85199],[105.60767,20.85087],[105.61315,20.84838],[105.6172,20.84898],[105.62261,20.85193],[105.62172,20.8531],[105.6219,20.85513],[105.62273,20.85627],[105.62379,20.85609],[105.62388,20.8616],[105.62515,20.86215],[105.62425,20.8622],[105.62397,20.8633],[105.62577,20.86279],[105.62531,20.86502],[105.6262,20.86524],[105.62613,20.8659],[105.62758,20.86719],[105.62844,20.86637],[105.62908,20.86747],[105.63113,20.86734],[105.63078,20.86803],[105.63182,20.86846],[105.63145,20.86986],[105.62944,20.86966],[105.63152,20.87122],[105.6296,20.87304],[105.63146,20.87409],[105.63174,20.87566],[105.63297,20.87547],[105.63317,20.87464],[105.63489,20.87514],[105.63646,20.88055],[105.63841,20.8808],[105.63886,20.88012],[105.64202,20.88192],[105.6425,20.88786],[105.64173,20.88914],[105.63562,20.89255],[105.63485,20.89165],[105.63206,20.89295],[105.63054,20.89182],[105.63027,20.89001],[105.62788,20.88941],[105.62696,20.89125],[105.62293,20.89231],[105.62004,20.89545],[105.61864,20.89489],[105.61638,20.88976],[105.6127,20.88918],[105.61103,20.88761],[105.60937,20.88746],[105.61089,20.8943],[105.61133,20.89513],[105.61304,20.8951],[105.61306,20.89683],[105.61389,20.89725],[105.61089,20.90084],[105.61264,20.90249],[105.61204,20.90417],[105.61316,20.90425],[105.61404,20.9059],[105.61249,20.90727],[105.61215,20.9096],[105.61108,20.91005],[105.60959,20.90891],[105.60852,20.90946],[105.60731,20.90859],[105.60333,20.91348],[105.5978,20.9145],[105.59745,20.91268],[105.59451,20.91356],[105.59328,20.91298],[105.59272,20.91096],[105.59106,20.91145],[105.59228,20.91248],[105.58806,20.91285],[105.58736,20.91122],[105.58588,20.91123],[105.58499,20.91009],[105.58308,20.91082],[105.5817,20.91016],[105.58244,20.91129],[105.5823,20.91355],[105.58019,20.91538]]]]}},{"type":"Feature","properties":{"ward_id":"00622","ward":"Xuân Phương","unit_type":"Phường","area_km2_source":10.81,"population_source":104947,"density_source":9708.33,"center_lon_source":105.74091,"center_lat_source":21.03036,"admin_geography_version":"Hanoi wards/communes effective 2025-07-01"},"geometry":{"type":"MultiPolygon","coordinates":[[[[105.7453,21.04773],[105.73703,21.05121],[105.72959,21.05647],[105.72651,21.0526],[105.72861,21.05059],[105.72792,21.04833],[105.73252,21.0457],[105.73205,21.04469],[105.73244,21.04364],[105.73358,21.04329],[105.73404,21.04059],[105.73357,21.03827],[105.73487,21.03685],[105.73842,21.03657],[105.7383,21.03535],[105.73892,21.03512],[105.7386,21.03164],[105.73734,21.03136],[105.73809,21.02753],[105.73489,21.02636],[105.73466,21.025],[105.73717,21.02345],[105.73575,21.02158],[105.73442,21.02254],[105.72973,21.01795],[105.73125,21.01634],[105.73139,21.0169],[105.73253,21.01671],[105.73415,21.01562],[105.73238,21.0122],[105.73254,21.01056],[105.74747,21.0095],[105.76278,21.00649],[105.76319,21.00853],[105.76235,21.00998],[105.75796,21.01348],[105.75379,21.01871],[105.75523,21.02233],[105.7543,21.02556],[105.75856,21.03074],[105.75845,21.03812],[105.76075,21.04003],[105.76147,21.0417],[105.7453,21.04773]]]]}},{"type":"Feature","properties":{"ward_id":"09706","ward":"Yên Bài","unit_type":"Xã","area_km2_source":68.19,"population_source":21416,"density_source":314.06,"center_lon_source":105.43273,"center_lat_source":21.06139,"admin_geography_version":"Hanoi wards/communes effective 2025-07-01"},"geometry":{"type":"MultiPolygon","coordinates":[[[[105.44004,21.102],[105.44173,21.10494],[105.43443,21.1012],[105.43032,21.10395],[105.42316,21.1045],[105.41893,21.1014],[105.41221,21.10243],[105.40468,21.09778],[105.40534,21.09632],[105.40491,21.0955],[105.40232,21.0963],[105.40181,21.09458],[105.39953,21.09414],[105.39838,21.09213],[105.39577,21.09279],[105.39385,21.09168],[105.39204,21.09188],[105.39156,21.08952],[105.39033,21.08793],[105.38549,21.08582],[105.38482,21.08419],[105.38287,21.08429],[105.38368,21.08339],[105.38154,21.08391],[105.38229,21.08299],[105.3816,21.08247],[105.37664,21.03516],[105.3782,21.0348],[105.38077,21.02998],[105.38421,21.02839],[105.38624,21.025],[105.38748,21.02444],[105.38677,21.01936],[105.39192,21.01436],[105.39534,21.01413],[105.39802,21.01506],[105.40155,21.01384],[105.40645,21.01677],[105.41103,21.0182],[105.4129,21.01396],[105.41645,21.0114],[105.41974,21.01278],[105.43111,21.01473],[105.43481,21.01712],[105.43667,21.01601],[105.44079,21.01572],[105.44293,21.01407],[105.44803,21.01492],[105.4508,21.01405],[105.45327,21.01194],[105.45553,21.01153],[105.4615,21.01291],[105.46902,21.0211],[105.46924,21.02181],[105.4659,21.02363],[105.46147,21.02753],[105.45676,21.03265],[105.4566,21.03377],[105.45801,21.04035],[105.45827,21.05119],[105.45973,21.05312],[105.45838,21.05502],[105.45852,21.0565],[105.46085,21.05855],[105.46076,21.06446],[105.46232,21.0676],[105.46349,21.06707],[105.46376,21.06966],[105.46553,21.07216],[105.46477,21.07214],[105.46501,21.07114],[105.46292,21.07083],[105.46065,21.06813],[105.46122,21.06631],[105.45842,21.05785],[105.45734,21.05792],[105.45751,21.05894],[105.45542,21.05983],[105.4575,21.06043],[105.45783,21.06182],[105.457,21.06241],[105.45846,21.0633],[105.45956,21.06638],[105.45891,21.06812],[105.45948,21.07054],[105.45727,21.06858],[105.45698,21.06669],[105.45589,21.06667],[105.45469,21.06383],[105.45339,21.06272],[105.45439,21.0673],[105.449,21.06302],[105.4464,21.06338],[105.44483,21.06246],[105.43999,21.06574],[105.44058,21.06753],[105.43919,21.06976],[105.44081,21.07156],[105.44156,21.07447],[105.44021,21.07752],[105.43837,21.07936],[105.43987,21.07967],[105.43982,21.08164],[105.43854,21.08234],[105.43972,21.0843],[105.43904,21.08706],[105.44074,21.09192],[105.44356,21.09317],[105.44515,21.09506],[105.44139,21.09747],[105.44273,21.09894],[105.44149,21.10201],[105.44004,21.102]]]]}},{"type":"Feature","properties":{"ward_id":"00175","ward":"Yên Hòa","unit_type":"Phường","area_km2_source":4.1,"population_source":77029,"density_source":18787.56,"center_lon_source":105.79911,"center_lat_source":21.0117,"admin_geography_version":"Hanoi wards/communes effective 2025-07-01"},"geometry":{"type":"MultiPolygon","coordinates":[[[[105.8052,21.00571],[105.81075,21.01061],[105.80446,21.01542],[105.79761,21.02502],[105.79386,21.02604],[105.78217,21.01767],[105.79401,21.00308],[105.79763,21.0055],[105.80019,21.00226],[105.8052,21.00571]]]]}},{"type":"Feature","properties":{"ward_id":"08980","ward":"Yên Lãng","unit_type":"Xã","area_km2_source":44.81,"population_source":71339,"density_source":1592.03,"center_lon_source":105.64899,"center_lat_source":21.18587,"admin_geography_version":"Hanoi wards/communes effective 2025-07-01"},"geometry":{"type":"MultiPolygon","coordinates":[[[[105.63845,21.20725],[105.63108,21.20896],[105.62885,21.21097],[105.62418,21.2089],[105.62164,21.20606],[105.61877,21.20684],[105.61669,21.20876],[105.61522,21.2076],[105.6155,21.20603],[105.61648,21.20573],[105.61621,21.20257],[105.62266,21.20048],[105.62161,21.19718],[105.62223,21.19486],[105.62145,21.19496],[105.62456,21.19349],[105.62492,21.18765],[105.62913,21.18488],[105.62704,21.18297],[105.62871,21.18135],[105.62823,21.18065],[105.62566,21.18177],[105.62421,21.18072],[105.62661,21.17784],[105.62661,21.17108],[105.64161,21.15744],[105.65782,21.13935],[105.66508,21.13307],[105.66698,21.13237],[105.67182,21.13258],[105.67599,21.13394],[105.68379,21.13931],[105.69712,21.14208],[105.69912,21.16204],[105.69796,21.16472],[105.70152,21.16464],[105.70108,21.17092],[105.70203,21.17595],[105.69089,21.18619],[105.68955,21.18649],[105.68412,21.18279],[105.6773,21.18901],[105.67802,21.19133],[105.66676,21.20122],[105.66445,21.19925],[105.65924,21.20115],[105.65946,21.20185],[105.65722,21.20339],[105.65369,21.20475],[105.65264,21.2066],[105.64499,21.20539],[105.6417,21.20658],[105.63908,21.20561],[105.63831,21.20587],[105.63845,21.20725]]]]}},{"type":"Feature","properties":{"ward_id":"09562","ward":"Yên Nghĩa","unit_type":"Phường","area_km2_source":13.18,"population_source":49643,"density_source":3766.54,"center_lon_source":105.73703,"center_lat_source":20.93638,"admin_geography_version":"Hanoi wards/communes effective 2025-07-01"},"geometry":{"type":"MultiPolygon","coordinates":[[[[105.74548,20.95972],[105.73789,20.96328],[105.73164,20.95961],[105.73043,20.9608],[105.72508,20.95542],[105.72586,20.95318],[105.72488,20.95083],[105.71383,20.9446],[105.71154,20.941],[105.71164,20.93887],[105.71269,20.9371],[105.71541,20.93509],[105.71823,20.93448],[105.72023,20.93474],[105.72209,20.93602],[105.72325,20.94169],[105.72567,20.94074],[105.7298,20.93023],[105.72995,20.92058],[105.73098,20.91708],[105.73432,20.91402],[105.73622,20.91333],[105.73661,20.91414],[105.7407,20.91237],[105.7421,20.91356],[105.74207,20.91526],[105.74963,20.91648],[105.74871,20.92041],[105.75081,20.92076],[105.75039,20.92314],[105.75129,20.92329],[105.75079,20.92583],[105.74906,20.92614],[105.75134,20.93454],[105.74928,20.93498],[105.74907,20.93757],[105.74785,20.93771],[105.74804,20.93955],[105.74632,20.93989],[105.74527,20.94542],[105.74664,20.94565],[105.74926,20.94913],[105.75115,20.95006],[105.75034,20.95116],[105.75415,20.95412],[105.74548,20.95972]]]]}},{"type":"Feature","properties":{"ward_id":"00340","ward":"Yên Sở","unit_type":"Phường","area_km2_source":5.62,"population_source":40948,"density_source":7286.12,"center_lon_source":105.86189,"center_lat_source":20.95742,"admin_geography_version":"Hanoi wards/communes effective 2025-07-01"},"geometry":{"type":"MultiPolygon","coordinates":[[[[105.87527,20.96425],[105.87673,20.96493],[105.87627,20.9663],[105.8717,20.96435],[105.86488,20.96397],[105.85004,20.96576],[105.84205,20.96576],[105.84208,20.96155],[105.84414,20.95117],[105.84754,20.95211],[105.84888,20.94779],[105.85419,20.94719],[105.86404,20.94321],[105.86472,20.94903],[105.86631,20.95013],[105.86763,20.95356],[105.8697,20.95461],[105.87454,20.96109],[105.87527,20.96425]]]]}},{"type":"Feature","properties":{"ward_id":"04930","ward":"Yên Xuân","unit_type":"Xã","area_km2_source":78.01,"population_source":29375,"density_source":376.55,"center_lon_source":105.46266,"center_lat_source":20.97675,"admin_geography_version":"Hanoi wards/communes effective 2025-07-01"},"geometry":{"type":"MultiPolygon","coordinates":[[[[105.41318,21.01372],[105.41159,21.01574],[105.41103,21.0182],[105.40645,21.01677],[105.40155,21.01384],[105.39802,21.01506],[105.39534,21.01413],[105.39192,21.01436],[105.39264,21.01008],[105.39169,21.0069],[105.39362,21.00308],[105.39682,21.00101],[105.40081,20.9999],[105.40172,20.99831],[105.40304,20.99799],[105.40923,20.998],[105.41192,20.99888],[105.41362,20.99699],[105.4141,20.9979],[105.41512,20.99733],[105.41647,20.99855],[105.41734,20.99551],[105.41909,20.99437],[105.41834,20.99424],[105.41793,20.99258],[105.42001,20.99047],[105.4213,20.98763],[105.42152,20.98246],[105.42211,20.98191],[105.42778,20.98223],[105.42815,20.98088],[105.43567,20.9744],[105.43996,20.96664],[105.44221,20.96431],[105.44432,20.95623],[105.44575,20.95514],[105.4528,20.95342],[105.45541,20.95108],[105.4576,20.95025],[105.45958,20.94741],[105.46561,20.94621],[105.47123,20.94902],[105.47831,20.9489],[105.48382,20.94329],[105.48575,20.94073],[105.48572,20.93939],[105.48807,20.93778],[105.48889,20.93648],[105.48851,20.93557],[105.49023,20.93375],[105.49384,20.93359],[105.499,20.9303],[105.50236,20.93103],[105.50376,20.92943],[105.51167,20.93465],[105.516,20.93995],[105.51638,20.94299],[105.51743,20.94336],[105.51604,20.9485],[105.51982,20.95091],[105.5205,20.95007],[105.52168,20.95015],[105.52296,20.9525],[105.52394,20.95136],[105.52699,20.95332],[105.52779,20.9518],[105.52884,20.95221],[105.52912,20.95394],[105.528,20.95526],[105.52918,20.95699],[105.52708,20.95825],[105.52835,20.95958],[105.52707,20.95959],[105.52888,20.96427],[105.53015,20.96518],[105.52933,20.96794],[105.5262,20.97248],[105.52947,20.97821],[105.527,20.98128],[105.52497,20.99014],[105.50498,20.9895],[105.49621,20.99121],[105.48871,20.99505],[105.46572,21.01236],[105.4615,21.01291],[105.45481,21.01148],[105.44803,21.01492],[105.44293,21.01407],[105.44079,21.01572],[105.43667,21.01601],[105.43481,21.01712],[105.43111,21.01473],[105.41974,21.01278],[105.41721,21.01143],[105.41318,21.01372]]]]}}]}
